Workbook

Sheet All float token
A1: Token | B1: TokenName | C1: Type
B2: ADA | C2: origin
A3: 25c5de5f5b286073c593edfd77b48abc7a48e5a4f3d4cd9d428ff935.425443 | B3: BTC | C3: origin
A4: 8db269c3ec630e06ae29f74bc39edd1f87c819f1056206e879a1cd61.446a65644d6963726f555344 | B4: DJED | C4: origin
A5: fe7c786ab321f41c654ef6c1af7b3250a613c24e4213e0425a7ae456.55534441 | B5: USDA | C5: origin
A6: 25c5de5f5b286073c593edfd77b48abc7a48e5a4f3d4cd9d428ff935.55534443 | B6: USDC | C6: origin
A7: c48cbb3d5e57ed56e276bc45f99ab39abe94e6cd7ac39fb402da47ad.0014df105553444d | B7: USDM | C7: origin
A8: 25c5de5f5b286073c593edfd77b48abc7a48e5a4f3d4cd9d428ff935.55534454 | B8: USDT | C8: origin
A9: f5808c2c990d86da54bfc97d89cee6efa20cd8461616359478d96b4c.a939812d08cfb6066e17d2914a7272c6b8c0197acdf68157d02c73649cc3efc0 | B9: [minLP]ADA.DJED | C9: collateral only
A10: f5808c2c990d86da54bfc97d89cee6efa20cd8461616359478d96b4c.ee5cfbc5b0dc10c873a0bcc69e49b9af21b899f59337a894874c6b596c2da136 | B10: [minLP]ADA.USDA | C10: collateral only
A11: f5808c2c990d86da54bfc97d89cee6efa20cd8461616359478d96b4c.478773ab4e6f800e72e4210a80adc5b086eb6f42bf493591dbdcec4ae9a692f7 | B11: [minLP]ADA.USDC | C11: collateral only
A12: f5808c2c990d86da54bfc97d89cee6efa20cd8461616359478d96b4c.7dd6988c5a86693c76aeec1ea94afa41770be0de21a775ca7a2a1eabdb6a0171 | B12: [minLP]ADA.USDM | C12: collateral only
A13: f5808c2c990d86da54bfc97d89cee6efa20cd8461616359478d96b4c.3cb4b74763277162c3d4548c2af1829b79c41e2dd1ac7560504cbd5e82b1e971 | B13: [minLP]ADA.USDT | C13: collateral only
A14: f5808c2c990d86da54bfc97d89cee6efa20cd8461616359478d96b4c.55058d3f832e6bb577ca8bb354c0c736dc4ca4e80798a82c17a956ee278872d3 | B14: [minLP]BTC.ADA | C14: collateral only
... A36: 94dca24a1f1fcc2ff51cd90f32f4fe9e786d861a2dbf7d27598d26e8.134ab43b73bd6f5ae70534fe51194ad62618d39a539830ecef4f8e19 | B36: dBTC | C36: dToken
A37: 94dca24a1f1fcc2ff51cd90f32f4fe9e786d861a2dbf7d27598d26e8.2d94b144d91520d0de771f6c3449d5cff8f0373c472dae2b9851a8c2 | B37: dUSDT | C37: dToken | E37: borrow
A38: 279c909f348e533da5808898f87f9a14bb2c3dfbbacccd631d927a3f.534e454b | B38: Snek | C38: origin | E38: tới bước ký
A39: f13ac4d66b3ee19a6aa0f2a22298737bd907cc95121662fc971b5275.535452494b45 | B39: STRIKE | C39: origin | E39: tới bước ký
A40: 5d16cc1a177b5d9ba9cfa9793b07e60f1fb70fea1f8aef064415d114.494147 | B40: IAGON | C40: origin | E40: load đc màn hình
A41: 2d9db8a89f074aa045eab177f23a3395f62ced8b53499a9e4ad46c80.464c4f57 | B41: FLOW | C41: origin | E41: load đc màn hình
A42: 5deab590a137066fef0e56f06ef1b830f21bc5d544661ba570bdd2ae.424f44454741 | B42: BODEGA | C42: origin | E42: load đc màn hình
A43: 29d222ce763455e3d7a09a665ce554f00ac89d2e99a1a83d267170c6.4d494e | B43: Minswap | C43: origin | E43: tới bước ký
A44: da8c30857834c6ae7203935b89278c532b3995245295456f993e1d24.4c51 | B44: Liqwid DAO Token | C44: origin | D44: tới bước ký
A45: 533bb94a8850ee3ccbe483106489399112b74c905342cb1792a797a0.494e4459 | B45: Indigo DAO Token | C45: origin | E45: load đc màn hình
A46: 577f0b1342f8f8f4aed3388b80a8535812950c7a892495c0ecdf0f1e.0014df10464c4454 | B46: FLDT | C46: origin | E46: tới bước ký
A47: 95a427e384527065f2f8946f5e86320d0117839a5e98ea2c0b55fb00.48554e54 | B47: HUNT | C47: origin | E47: tới bước ký
A48: 2852268cf6e2db42e20f2fd3125f541e5d6c5a3d70b4dda17c2daa82 | B48: The O Token | C48: origin | E48: chưa có giá
A49: ececc92aeaaac1f5b665f567b01baec8bc2771804b4c21716a87a4e3.53504c415348 | B49: SPLASH | C49: origin | E49: tới bước ký
A50: f6099832f9563e4cf59602b3351c3c5a8a7dda2d44575ef69b82cf8d | B50: OADA | C50: origin | E50: tới bước ký
A51: 94dca24a1f1fcc2ff51cd90f32f4fe9e786d861a2dbf7d27598d26e8.2e614ed06d9ab2b693f108251c6df8d5e37cae81ffce99a4cf0a781f | B51: dSNEK | C51: dToken
A52: 94dca24a1f1fcc2ff51cd90f32f4fe9e786d861a2dbf7d27598d26e8.83b8a0a2074061394fddfe9aebee6fab4924dd73ec1326162f453dc9 | B52: dSTRIKE | C52: dToken
A53: 94dca24a1f1fcc2ff51cd90f32f4fe9e786d861a2dbf7d27598d26e8.4c56da0af61dfca72b32de9fc0c44ecdd248932e69ce267d62b7ddc1 | B53: dIAG | C53: dToken
A54: 94dca24a1f1fcc2ff51cd90f32f4fe9e786d861a2dbf7d27598d26e8.18e8d03ef4d8ab3c408551378040ae6a8dd1bb437023858bf4994df7 | B54: dFLOW | C54: dToken
A55: 94dca24a1f1fcc2ff51cd90f32f4fe9e786d861a2dbf7d27598d26e8.34d8725885174384ff7cd92e8b0b7a1d71a12550c9d61360ad4cf43c | B55: dBODEGA | C55: dToken
A56: 94dca24a1f1fcc2ff51cd90f32f4fe9e786d861a2dbf7d27598d26e8.251d5ccb51543f3647b344d4a4c8f2df5bff9d164854e3e7fe4b1711 | B56: dMIN | C56: dToken
A57: 94dca24a1f1fcc2ff51cd90f32f4fe9e786d861a2dbf7d27598d26e8.6487e97f20fba709c9edf5da2b72ad2a120ab4c5c38fe381fb76b25d | B57: dLQ | C57: dToken
A58: 94dca24a1f1fcc2ff51cd90f32f4fe9e786d861a2dbf7d27598d26e8.a1bc0130b1eb217e58c2b40f4e6ed7647af5c71157466bd6a0dbb85c | B58: dINDY | C58: dToken
A59: 94dca24a1f1fcc2ff51cd90f32f4fe9e786d861a2dbf7d27598d26e8.45af09272aeaf60d2215ce33daa6d2bc3ced61e5b59be434d21cd2e8 | B59: dFLDT | C59: dToken
A60: 94dca24a1f1fcc2ff51cd90f32f4fe9e786d861a2dbf7d27598d26e8.9c00007e09c95cc0c282fad790760cfbf33495c3161a77b4c87cfaed | B60: dHUNT | C60: dToken
A61: 94dca24a1f1fcc2ff51cd90f32f4fe9e786d861a2dbf7d27598d26e8.3cfdbb46c8359e7f5e56d48a330cf85fc38eef19c83730198bc0dcbb | B61: dO | C61: dToken
A62: 94dca24a1f1fcc2ff51cd90f32f4fe9e786d861a2dbf7d27598d26e8.03138e523f4c919472b493f0e3432264cc7faed01ef3fb6bb4987281 | B62: dSPLASH | C62: dToken
... A64: a4430a085f45bca6399bec6bd7514eb8c2fce1ed75c7554739cfc32b | B64: qMIN | C64: qToken

Sheet ListTokenPairs
A1: baseToken | B1: quoteToken | C1: threshold | D1: isActive | E1: base token name | F1: quote token name
A2: 09f4212b4f1c4a2d1300866e8decec795abb8eb8bbdc34d2d66384fd.555344545f4144415f4c51 | C2: 8000 | D2: TRUE | E2: =IF(A2="","ADA",VLOOKUP(A2,'All float token'!A$2:B$64,2,FALSE)) -> [splLP]ADA.USDT | F2: =IF(B2="","ADA",VLOOKUP(B2,'All float token'!A$2:B$64,2,FALSE)) -> ADA
A3: 0a0a692605bed9e698a172a35adbdb70a04b40273c9043e1c4e4570a.0014efbfbd105553444d5f4144415f4c51 | C3: 8000 | D3: TRUE | E3: =IF(A3="","ADA",VLOOKUP(A3,'All float token'!A$2:B$64,2,FALSE)) -> [splLP]ADA.USDM.500 | F3: =IF(B3="","ADA",VLOOKUP(B3,'All float token'!A$2:B$64,2,FALSE)) -> ADA
A4: 0d91892d31eef2398d66e771a03feea04ca17cd26655c2cc1550514a.555344415f4144415f4c51 | C4: 8000 | D4: TRUE | E4: =IF(A4="","ADA",VLOOKUP(A4,'All float token'!A$2:B$64,2,FALSE)) -> [splLP]ADA.USDA | F4: =IF(B4="","ADA",VLOOKUP(B4,'All float token'!A$2:B$64,2,FALSE)) -> ADA
A5: 25c5de5f5b286073c593edfd77b48abc7a48e5a4f3d4cd9d428ff935.425443 | C5: 8000 | D5: TRUE | E5: =IF(A5="","ADA",VLOOKUP(A5,'All float token'!A$2:B$64,2,FALSE)) -> BTC | F5: =IF(B5="","ADA",VLOOKUP(B5,'All float token'!A$2:B$64,2,FALSE)) -> ADA
A6: 25c5de5f5b286073c593edfd77b48abc7a48e5a4f3d4cd9d428ff935.55534443 | C6: 8000 | D6: TRUE | E6: =IF(A6="","ADA",VLOOKUP(A6,'All float token'!A$2:B$64,2,FALSE)) -> USDC | F6: =IF(B6="","ADA",VLOOKUP(B6,'All float token'!A$2:B$64,2,FALSE)) -> ADA
A7: 25c5de5f5b286073c593edfd77b48abc7a48e5a4f3d4cd9d428ff935.55534454 | C7: 8000 | D7: TRUE | E7: =IF(A7="","ADA",VLOOKUP(A7,'All float token'!A$2:B$64,2,FALSE)) -> USDT | F7: =IF(B7="","ADA",VLOOKUP(B7,'All float token'!A$2:B$64,2,FALSE)) -> ADA
A8: 4cf6a914372155ec78f6643141e280d38e3bae4ffbf623765efce3de.4254435f4144415f4c51 | C8: 8000 | D8: TRUE | E8: =IF(A8="","ADA",VLOOKUP(A8,'All float token'!A$2:B$64,2,FALSE)) -> [splLP]ADA.BTC.30 | F8: =IF(B8="","ADA",VLOOKUP(B8,'All float token'!A$2:B$64,2,FALSE)) -> ADA
A9: 6df63e2fdde8b2c3b3396265b0cc824aa4fb999396b1c154280f6b0c | C9: 8000 | D9: TRUE | E9: =IF(A9="","ADA",VLOOKUP(A9,'All float token'!A$2:B$64,2,FALSE)) -> qDJED | F9: =IF(B9="","ADA",VLOOKUP(B9,'All float token'!A$2:B$64,2,FALSE)) -> ADA
A10: 6ebaa7305f90791b9fae1c0bbbc9a3a1820088b621e95193df396772.4254435f4144415f4c51 | C10: 8000 | D10: TRUE | E10: =IF(A10="","ADA",VLOOKUP(A10,'All float token'!A$2:B$64,2,FALSE)) -> [splLP]ADA.BTC.50 | F10: =IF(B10="","ADA",VLOOKUP(B10,'All float token'!A$2:B$64,2,FALSE)) -> ADA
A11: 7a4d45e6b4e6835c4cea3968f291fab3704949cfd2f2dc1997c4eeec | C11: 8000 | D11: TRUE | E11: =IF(A11="","ADA",VLOOKUP(A11,'All float token'!A$2:B$64,2,FALSE)) -> qUSDT | F11: =IF(B11="","ADA",VLOOKUP(B11,'All float token'!A$2:B$64,2,FALSE)) -> ADA
A12: 7b7976222e874b1ac7c34fc5a56563203f7562fb217068242f7f5059.446a65644d6963726f5553445f4144415f4c51 | C12: 8000 | D12: TRUE | E12: =IF(A12="","ADA",VLOOKUP(A12,'All float token'!A$2:B$64,2,FALSE)) -> [splLP]ADA.DJED | F12: =IF(B12="","ADA",VLOOKUP(B12,'All float token'!A$2:B$64,2,FALSE)) -> ADA
A13: 8db269c3ec630e06ae29f74bc39edd1f87c819f1056206e879a1cd61.446a65644d6963726f555344 | C13: 8000 | D13: TRUE | E13: =IF(A13="","ADA",VLOOKUP(A13,'All float token'!A$2:B$64,2,FALSE)) -> DJED | F13: =IF(B13="","ADA",VLOOKUP(B13,'All float token'!A$2:B$64,2,FALSE)) -> ADA
... A33: fe7c786ab321f41c654ef6c1af7b3250a613c24e4213e0425a7ae456.55534441 | C33: 8000 | D33: TRUE | E33: =IF(A33="","ADA",VLOOKUP(A33,'All float token'!A$2:B$64,2,FALSE)) -> USDA | F33: =IF(B33="","ADA",VLOOKUP(B33,'All float token'!A$2:B$64,2,FALSE)) -> ADA
B34: c48cbb3d5e57ed56e276bc45f99ab39abe94e6cd7ac39fb402da47ad.0014df105553444d | C34: 8000 | D34: TRUE | E34: =IF(A34="","ADA",VLOOKUP(A34,'All float token'!A$2:B$64,2,FALSE)) -> ADA | F34: =IF(B34="","ADA",VLOOKUP(B34,'All float token'!A$2:B$64,2,FALSE)) -> USDM
A35: 09f4212b4f1c4a2d1300866e8decec795abb8eb8bbdc34d2d66384fd.555344545f4144415f4c51 | B35: c48cbb3d5e57ed56e276bc45f99ab39abe94e6cd7ac39fb402da47ad.0014df105553444d | C35: 8000 | D35: TRUE | E35: =IF(A35="","ADA",VLOOKUP(A35,'All float token'!A$2:B$64,2,FALSE)) -> [splLP]ADA.USDT | F35: =IF(B35="","ADA",VLOOKUP(B35,'All float token'!A$2:B$64,2,FALSE)) -> USDM
A36: 0a0a692605bed9e698a172a35adbdb70a04b40273c9043e1c4e4570a.0014efbfbd105553444d5f4144415f4c51 | B36: c48cbb3d5e57ed56e276bc45f99ab39abe94e6cd7ac39fb402da47ad.0014df105553444d | C36: 8000 | D36: TRUE | E36: =IF(A36="","ADA",VLOOKUP(A36,'All float token'!A$2:B$64,2,FALSE)) -> [splLP]ADA.USDM.500 | F36: =IF(B36="","ADA",VLOOKUP(B36,'All float token'!A$2:B$64,2,FALSE)) -> USDM
A37: 0d91892d31eef2398d66e771a03feea04ca17cd26655c2cc1550514a.555344415f4144415f4c51 | B37: c48cbb3d5e57ed56e276bc45f99ab39abe94e6cd7ac39fb402da47ad.0014df105553444d | C37: 8000 | D37: TRUE | E37: =IF(A37="","ADA",VLOOKUP(A37,'All float token'!A$2:B$64,2,FALSE)) -> [splLP]ADA.USDA | F37: =IF(B37="","ADA",VLOOKUP(B37,'All float token'!A$2:B$64,2,FALSE)) -> USDM
A38: 25c5de5f5b286073c593edfd77b48abc7a48e5a4f3d4cd9d428ff935.425443 | B38: c48cbb3d5e57ed56e276bc45f99ab39abe94e6cd7ac39fb402da47ad.0014df105553444d | C38: 8000 | D38: TRUE | E38: =IF(A38="","ADA",VLOOKUP(A38,'All float token'!A$2:B$64,2,FALSE)) -> BTC | F38: =IF(B38="","ADA",VLOOKUP(B38,'All float token'!A$2:B$64,2,FALSE)) -> USDM
A39: 25c5de5f5b286073c593edfd77b48abc7a48e5a4f3d4cd9d428ff935.55534443 | B39: c48cbb3d5e57ed56e276bc45f99ab39abe94e6cd7ac39fb402da47ad.0014df105553444d | C39: 9000 | D39: TRUE | E39: =IF(A39="","ADA",VLOOKUP(A39,'All float token'!A$2:B$64,2,FALSE)) -> USDC | F39: =IF(B39="","ADA",VLOOKUP(B39,'All float token'!A$2:B$64,2,FALSE)) -> USDM
A40: 25c5de5f5b286073c593edfd77b48abc7a48e5a4f3d4cd9d428ff935.55534454 | B40: c48cbb3d5e57ed56e276bc45f99ab39abe94e6cd7ac39fb402da47ad.0014df105553444d | C40: 9000 | D40: TRUE | E40: =IF(A40="","ADA",VLOOKUP(A40,'All float token'!A$2:B$64,2,FALSE)) -> USDT | F40: =IF(B40="","ADA",VLOOKUP(B40,'All float token'!A$2:B$64,2,FALSE)) -> USDM
A41: 4cf6a914372155ec78f6643141e280d38e3bae4ffbf623765efce3de.4254435f4144415f4c51 | B41: c48cbb3d5e57ed56e276bc45f99ab39abe94e6cd7ac39fb402da47ad.0014df105553444d | C41: 8000 | D41: TRUE | E41: =IF(A41="","ADA",VLOOKUP(A41,'All float token'!A$2:B$64,2,FALSE)) -> [splLP]ADA.BTC.30 | F41: =IF(B41="","ADA",VLOOKUP(B41,'All float token'!A$2:B$64,2,FALSE)) -> USDM
A42: 6df63e2fdde8b2c3b3396265b0cc824aa4fb999396b1c154280f6b0c | B42: c48cbb3d5e57ed56e276bc45f99ab39abe94e6cd7ac39fb402da47ad.0014df105553444d | C42: 9000 | D42: TRUE | E42: =IF(A42="","ADA",VLOOKUP(A42,'All float token'!A$2:B$64,2,FALSE)) -> qDJED | F42: =IF(B42="","ADA",VLOOKUP(B42,'All float token'!A$2:B$64,2,FALSE)) -> USDM
A43: 6ebaa7305f90791b9fae1c0bbbc9a3a1820088b621e95193df396772.4254435f4144415f4c51 | B43: c48cbb3d5e57ed56e276bc45f99ab39abe94e6cd7ac39fb402da47ad.0014df105553444d | C43: 8000 | D43: TRUE | E43: =IF(A43="","ADA",VLOOKUP(A43,'All float token'!A$2:B$64,2,FALSE)) -> [splLP]ADA.BTC.50 | F43: =IF(B43="","ADA",VLOOKUP(B43,'All float token'!A$2:B$64,2,FALSE)) -> USDM
A44: 7a4d45e6b4e6835c4cea3968f291fab3704949cfd2f2dc1997c4eeec | B44: c48cbb3d5e57ed56e276bc45f99ab39abe94e6cd7ac39fb402da47ad.0014df105553444d | C44: 9000 | D44: TRUE | E44: =IF(A44="","ADA",VLOOKUP(A44,'All float token'!A$2:B$64,2,FALSE)) -> qUSDT | F44: =IF(B44="","ADA",VLOOKUP(B44,'All float token'!A$2:B$64,2,FALSE)) -> USDM
A45: 7b7976222e874b1ac7c34fc5a56563203f7562fb217068242f7f5059.446a65644d6963726f5553445f4144415f4c51 | B45: c48cbb3d5e57ed56e276bc45f99ab39abe94e6cd7ac39fb402da47ad.0014df105553444d | C45: 8000 | D45: TRUE | E45: =IF(A45="","ADA",VLOOKUP(A45,'All float token'!A$2:B$64,2,FALSE)) -> [splLP]ADA.DJED | F45: =IF(B45="","ADA",VLOOKUP(B45,'All float token'!A$2:B$64,2,FALSE)) -> USDM
A46: 8db269c3ec630e06ae29f74bc39edd1f87c819f1056206e879a1cd61.446a65644d6963726f555344 | B46: c48cbb3d5e57ed56e276bc45f99ab39abe94e6cd7ac39fb402da47ad.0014df105553444d | C46: 9000 | D46: TRUE | E46: =IF(A46="","ADA",VLOOKUP(A46,'All float token'!A$2:B$64,2,FALSE)) -> DJED | F46: =IF(B46="","ADA",VLOOKUP(B46,'All float token'!A$2:B$64,2,FALSE)) -> USDM
... A65: fe7c786ab321f41c654ef6c1af7b3250a613c24e4213e0425a7ae456.55534441 | B65: c48cbb3d5e57ed56e276bc45f99ab39abe94e6cd7ac39fb402da47ad.0014df105553444d | C65: 9000 | D65: TRUE | E65: =IF(A65="","ADA",VLOOKUP(A65,'All float token'!A$2:B$64,2,FALSE)) -> USDA | F65: =IF(B65="","ADA",VLOOKUP(B65,'All float token'!A$2:B$64,2,FALSE)) -> USDM
B66: fe7c786ab321f41c654ef6c1af7b3250a613c24e4213e0425a7ae456.55534441 | C66: 8000 | D66: TRUE | E66: =IF(A66="","ADA",VLOOKUP(A66,'All float token'!A$2:B$64,2,FALSE)) -> ADA | F66: =IF(B66="","ADA",VLOOKUP(B66,'All float token'!A$2:B$64,2,FALSE)) -> USDA
A67: 09f4212b4f1c4a2d1300866e8decec795abb8eb8bbdc34d2d66384fd.555344545f4144415f4c51 | B67: fe7c786ab321f41c654ef6c1af7b3250a613c24e4213e0425a7ae456.55534441 | C67: 8000 | D67: TRUE | E67: =IF(A67="","ADA",VLOOKUP(A67,'All float token'!A$2:B$64,2,FALSE)) -> [splLP]ADA.USDT | F67: =IF(B67="","ADA",VLOOKUP(B67,'All float token'!A$2:B$64,2,FALSE)) -> USDA
A68: 0a0a692605bed9e698a172a35adbdb70a04b40273c9043e1c4e4570a.0014efbfbd105553444d5f4144415f4c51 | B68: fe7c786ab321f41c654ef6c1af7b3250a613c24e4213e0425a7ae456.55534441 | C68: 8000 | D68: TRUE | E68: =IF(A68="","ADA",VLOOKUP(A68,'All float token'!A$2:B$64,2,FALSE)) -> [splLP]ADA.USDM.500 | F68: =IF(B68="","ADA",VLOOKUP(B68,'All float token'!A$2:B$64,2,FALSE)) -> USDA
A69: 0d91892d31eef2398d66e771a03feea04ca17cd26655c2cc1550514a.555344415f4144415f4c51 | B69: fe7c786ab321f41c654ef6c1af7b3250a613c24e4213e0425a7ae456.55534441 | C69: 8000 | D69: TRUE | E69: =IF(A69="","ADA",VLOOKUP(A69,'All float token'!A$2:B$64,2,FALSE)) -> [splLP]ADA.USDA | F69: =IF(B69="","ADA",VLOOKUP(B69,'All float token'!A$2:B$64,2,FALSE)) -> USDA
A70: 25c5de5f5b286073c593edfd77b48abc7a48e5a4f3d4cd9d428ff935.425443 | B70: fe7c786ab321f41c654ef6c1af7b3250a613c24e4213e0425a7ae456.55534441 | C70: 8000 | D70: TRUE | E70: =IF(A70="","ADA",VLOOKUP(A70,'All float token'!A$2:B$64,2,FALSE)) -> BTC | F70: =IF(B70="","ADA",VLOOKUP(B70,'All float token'!A$2:B$64,2,FALSE)) -> USDA
A71: 25c5de5f5b286073c593edfd77b48abc7a48e5a4f3d4cd9d428ff935.55534443 | B71: fe7c786ab321f41c654ef6c1af7b3250a613c24e4213e0425a7ae456.55534441 | C71: 9000 | D71: TRUE | E71: =IF(A71="","ADA",VLOOKUP(A71,'All float token'!A$2:B$64,2,FALSE)) -> USDC | F71: =IF(B71="","ADA",VLOOKUP(B71,'All float token'!A$2:B$64,2,FALSE)) -> USDA
A72: 25c5de5f5b286073c593edfd77b48abc7a48e5a4f3d4cd9d428ff935.55534454 | B72: fe7c786ab321f41c654ef6c1af7b3250a613c24e4213e0425a7ae456.55534441 | C72: 9000 | D72: TRUE | E72: =IF(A72="","ADA",VLOOKUP(A72,'All float token'!A$2:B$64,2,FALSE)) -> USDT | F72: =IF(B72="","ADA",VLOOKUP(B72,'All float token'!A$2:B$64,2,FALSE)) -> USDA
A73: 4cf6a914372155ec78f6643141e280d38e3bae4ffbf623765efce3de.4254435f4144415f4c51 | B73: fe7c786ab321f41c654ef6c1af7b3250a613c24e4213e0425a7ae456.55534441 | C73: 8000 | D73: TRUE | E73: =IF(A73="","ADA",VLOOKUP(A73,'All float token'!A$2:B$64,2,FALSE)) -> [splLP]ADA.BTC.30 | F73: =IF(B73="","ADA",VLOOKUP(B73,'All float token'!A$2:B$64,2,FALSE)) -> USDA
A74: 6df63e2fdde8b2c3b3396265b0cc824aa4fb999396b1c154280f6b0c | B74: fe7c786ab321f41c654ef6c1af7b3250a613c24e4213e0425a7ae456.55534441 | C74: 9000 | D74: TRUE | E74: =IF(A74="","ADA",VLOOKUP(A74,'All float token'!A$2:B$64,2,FALSE)) -> qDJED | F74: =IF(B74="","ADA",VLOOKUP(B74,'All float token'!A$2:B$64,2,FALSE)) -> USDA
A75: 6ebaa7305f90791b9fae1c0bbbc9a3a1820088b621e95193df396772.4254435f4144415f4c51 | B75: fe7c786ab321f41c654ef6c1af7b3250a613c24e4213e0425a7ae456.55534441 | C75: 8000 | D75: TRUE | E75: =IF(A75="","ADA",VLOOKUP(A75,'All float token'!A$2:B$64,2,FALSE)) -> [splLP]ADA.BTC.50 | F75: =IF(B75="","ADA",VLOOKUP(B75,'All float token'!A$2:B$64,2,FALSE)) -> USDA
A76: 7a4d45e6b4e6835c4cea3968f291fab3704949cfd2f2dc1997c4eeec | B76: fe7c786ab321f41c654ef6c1af7b3250a613c24e4213e0425a7ae456.55534441 | C76: 9000 | D76: TRUE | E76: =IF(A76="","ADA",VLOOKUP(A76,'All float token'!A$2:B$64,2,FALSE)) -> qUSDT | F76: =IF(B76="","ADA",VLOOKUP(B76,'All float token'!A$2:B$64,2,FALSE)) -> USDA
A77: 7b7976222e874b1ac7c34fc5a56563203f7562fb217068242f7f5059.446a65644d6963726f5553445f4144415f4c51 | B77: fe7c786ab321f41c654ef6c1af7b3250a613c24e4213e0425a7ae456.55534441 | C77: 8000 | D77: TRUE | E77: =IF(A77="","ADA",VLOOKUP(A77,'All float token'!A$2:B$64,2,FALSE)) -> [splLP]ADA.DJED | F77: =IF(B77="","ADA",VLOOKUP(B77,'All float token'!A$2:B$64,2,FALSE)) -> USDA
A78: 8db269c3ec630e06ae29f74bc39edd1f87c819f1056206e879a1cd61.446a65644d6963726f555344 | B78: fe7c786ab321f41c654ef6c1af7b3250a613c24e4213e0425a7ae456.55534441 | C78: 9000 | D78: TRUE | E78: =IF(A78="","ADA",VLOOKUP(A78,'All float token'!A$2:B$64,2,FALSE)) -> DJED | F78: =IF(B78="","ADA",VLOOKUP(B78,'All float token'!A$2:B$64,2,FALSE)) -> USDA
... A97: f72166e9fac8297aeb553c19ffab14f51ae271c2cb26783ba289a3a5 | B97: fe7c786ab321f41c654ef6c1af7b3250a613c24e4213e0425a7ae456.55534441 | C97: 8000 | D97: TRUE | E97: =IF(A97="","ADA",VLOOKUP(A97,'All float token'!A$2:B$64,2,FALSE)) -> qBTC | F97: =IF(B97="","ADA",VLOOKUP(B97,'All float token'!A$2:B$64,2,FALSE)) -> USDA
B98: 8db269c3ec630e06ae29f74bc39edd1f87c819f1056206e879a1cd61.446a65644d6963726f555344 | C98: 8000 | D98: TRUE | E98: =IF(A98="","ADA",VLOOKUP(A98,'All float token'!A$2:B$64,2,FALSE)) -> ADA | F98: =IF(B98="","ADA",VLOOKUP(B98,'All float token'!A$2:B$64,2,FALSE)) -> DJED
A99: 09f4212b4f1c4a2d1300866e8decec795abb8eb8bbdc34d2d66384fd.555344545f4144415f4c51 | B99: 8db269c3ec630e06ae29f74bc39edd1f87c819f1056206e879a1cd61.446a65644d6963726f555344 | C99: 8000 | D99: TRUE | E99: =IF(A99="","ADA",VLOOKUP(A99,'All float token'!A$2:B$64,2,FALSE)) -> [splLP]ADA.USDT | F99: =IF(B99="","ADA",VLOOKUP(B99,'All float token'!A$2:B$64,2,FALSE)) -> DJED
A100: 0a0a692605bed9e698a172a35adbdb70a04b40273c9043e1c4e4570a.0014efbfbd105553444d5f4144415f4c51 | B100: 8db269c3ec630e06ae29f74bc39edd1f87c819f1056206e879a1cd61.446a65644d6963726f555344 | C100: 8000 | D100: TRUE | E100: =IF(A100="","ADA",VLOOKUP(A100,'All float token'!A$2:B$64,2,FALSE)) -> [splLP]ADA.USDM.500 | F100: =IF(B100="","ADA",VLOOKUP(B100,'All float token'!A$2:B$64,2,FALSE)) -> DJED
A101: 0d91892d31eef2398d66e771a03feea04ca17cd26655c2cc1550514a.555344415f4144415f4c51 | B101: 8db269c3ec630e06ae29f74bc39edd1f87c819f1056206e879a1cd61.446a65644d6963726f555344 | C101: 8000 | D101: TRUE | E101: =IF(A101="","ADA",VLOOKUP(A101,'All float token'!A$2:B$64,2,FALSE)) -> [splLP]ADA.USDA | F101: =IF(B101="","ADA",VLOOKUP(B101,'All float token'!A$2:B$64,2,FALSE)) -> DJED
A102: 25c5de5f5b286073c593edfd77b48abc7a48e5a4f3d4cd9d428ff935.425443 | B102: 8db269c3ec630e06ae29f74bc39edd1f87c819f1056206e879a1cd61.446a65644d6963726f555344 | C102: 8000 | D102: TRUE | E102: =IF(A102="","ADA",VLOOKUP(A102,'All float token'!A$2:B$64,2,FALSE)) -> BTC | F102: =IF(B102="","ADA",VLOOKUP(B102,'All float token'!A$2:B$64,2,FALSE)) -> DJED
A103: 25c5de5f5b286073c593edfd77b48abc7a48e5a4f3d4cd9d428ff935.55534443 | B103: 8db269c3ec630e06ae29f74bc39edd1f87c819f1056206e879a1cd61.446a65644d6963726f555344 | C103: 9000 | D103: TRUE | E103: =IF(A103="","ADA",VLOOKUP(A103,'All float token'!A$2:B$64,2,FALSE)) -> USDC | F103: =IF(B103="","ADA",VLOOKUP(B103,'All float token'!A$2:B$64,2,FALSE)) -> DJED
A104: 25c5de5f5b286073c593edfd77b48abc7a48e5a4f3d4cd9d428ff935.55534454 | B104: 8db269c3ec630e06ae29f74bc39edd1f87c819f1056206e879a1cd61.446a65644d6963726f555344 | C104: 9000 | D104: TRUE | E104: =IF(A104="","ADA",VLOOKUP(A104,'All float token'!A$2:B$64,2,FALSE)) -> USDT | F104: =IF(B104="","ADA",VLOOKUP(B104,'All float token'!A$2:B$64,2,FALSE)) -> DJED
A105: 4cf6a914372155ec78f6643141e280d38e3bae4ffbf623765efce3de.4254435f4144415f4c51 | B105: 8db269c3ec630e06ae29f74bc39edd1f87c819f1056206e879a1cd61.446a65644d6963726f555344 | C105: 8000 | D105: TRUE | E105: =IF(A105="","ADA",VLOOKUP(A105,'All float token'!A$2:B$64,2,FALSE)) -> [splLP]ADA.BTC.30 | F105: =IF(B105="","ADA",VLOOKUP(B105,'All float token'!A$2:B$64,2,FALSE)) -> DJED
A106: 6ebaa7305f90791b9fae1c0bbbc9a3a1820088b621e95193df396772.4254435f4144415f4c51 | B106: 8db269c3ec630e06ae29f74bc39edd1f87c819f1056206e879a1cd61.446a65644d6963726f555344 | C106: 8000 | D106: TRUE | E106: =IF(A106="","ADA",VLOOKUP(A106,'All float token'!A$2:B$64,2,FALSE)) -> [splLP]ADA.BTC.50 | F106: =IF(B106="","ADA",VLOOKUP(B106,'All float token'!A$2:B$64,2,FALSE)) -> DJED
A107: 7a4d45e6b4e6835c4cea3968f291fab3704949cfd2f2dc1997c4eeec | B107: 8db269c3ec630e06ae29f74bc39edd1f87c819f1056206e879a1cd61.446a65644d6963726f555344 | C107: 9000 | D107: TRUE | E107: =IF(A107="","ADA",VLOOKUP(A107,'All float token'!A$2:B$64,2,FALSE)) -> qUSDT | F107: =IF(B107="","ADA",VLOOKUP(B107,'All float token'!A$2:B$64,2,FALSE)) -> DJED
A108: 7b7976222e874b1ac7c34fc5a56563203f7562fb217068242f7f5059.446a65644d6963726f5553445f4144415f4c51 | B108: 8db269c3ec630e06ae29f74bc39edd1f87c819f1056206e879a1cd61.446a65644d6963726f555344 | C108: 8000 | D108: TRUE | E108: =IF(A108="","ADA",VLOOKUP(A108,'All float token'!A$2:B$64,2,FALSE)) -> [splLP]ADA.DJED | F108: =IF(B108="","ADA",VLOOKUP(B108,'All float token'!A$2:B$64,2,FALSE)) -> DJED
A109: 94dca24a1f1fcc2ff51cd90f32f4fe9e786d861a2dbf7d27598d26e8.134ab43b73bd6f5ae70534fe51194ad62618d39a539830ecef4f8e19 | B109: 8db269c3ec630e06ae29f74bc39edd1f87c819f1056206e879a1cd61.446a65644d6963726f555344 | C109: 8000 | D109: TRUE | E109: =IF(A109="","ADA",VLOOKUP(A109,'All float token'!A$2:B$64,2,FALSE)) -> dBTC | F109: =IF(B109="","ADA",VLOOKUP(B109,'All float token'!A$2:B$64,2,FALSE)) -> DJED
A110: 94dca24a1f1fcc2ff51cd90f32f4fe9e786d861a2dbf7d27598d26e8.2212068512d00ba78800e493bce47121d492043c864d896ea9f5ad5c | B110: 8db269c3ec630e06ae29f74bc39edd1f87c819f1056206e879a1cd61.446a65644d6963726f555344 | C110: 9000 | D110: TRUE | E110: =IF(A110="","ADA",VLOOKUP(A110,'All float token'!A$2:B$64,2,FALSE)) -> dUSDM | F110: =IF(B110="","ADA",VLOOKUP(B110,'All float token'!A$2:B$64,2,FALSE)) -> DJED
... A129: fe7c786ab321f41c654ef6c1af7b3250a613c24e4213e0425a7ae456.55534441 | B129: 8db269c3ec630e06ae29f74bc39edd1f87c819f1056206e879a1cd61.446a65644d6963726f555344 | C129: 9000 | D129: TRUE | E129: =IF(A129="","ADA",VLOOKUP(A129,'All float token'!A$2:B$64,2,FALSE)) -> USDA | F129: =IF(B129="","ADA",VLOOKUP(B129,'All float token'!A$2:B$64,2,FALSE)) -> DJED
B130: 25c5de5f5b286073c593edfd77b48abc7a48e5a4f3d4cd9d428ff935.55534443 | C130: 8000 | D130: TRUE | E130: =IF(A130="","ADA",VLOOKUP(A130,'All float token'!A$2:B$64,2,FALSE)) -> ADA | F130: =IF(B130="","ADA",VLOOKUP(B130,'All float token'!A$2:B$64,2,FALSE)) -> USDC
A131: 09f4212b4f1c4a2d1300866e8decec795abb8eb8bbdc34d2d66384fd.555344545f4144415f4c51 | B131: 25c5de5f5b286073c593edfd77b48abc7a48e5a4f3d4cd9d428ff935.55534443 | C131: 8000 | D131: TRUE | E131: =IF(A131="","ADA",VLOOKUP(A131,'All float token'!A$2:B$64,2,FALSE)) -> [splLP]ADA.USDT | F131: =IF(B131="","ADA",VLOOKUP(B131,'All float token'!A$2:B$64,2,FALSE)) -> USDC
A132: 0a0a692605bed9e698a172a35adbdb70a04b40273c9043e1c4e4570a.0014efbfbd105553444d5f4144415f4c51 | B132: 25c5de5f5b286073c593edfd77b48abc7a48e5a4f3d4cd9d428ff935.55534443 | C132: 8000 | D132: TRUE | E132: =IF(A132="","ADA",VLOOKUP(A132,'All float token'!A$2:B$64,2,FALSE)) -> [splLP]ADA.USDM.500 | F132: =IF(B132="","ADA",VLOOKUP(B132,'All float token'!A$2:B$64,2,FALSE)) -> USDC
A133: 0d91892d31eef2398d66e771a03feea04ca17cd26655c2cc1550514a.555344415f4144415f4c51 | B133: 25c5de5f5b286073c593edfd77b48abc7a48e5a4f3d4cd9d428ff935.55534443 | C133: 8000 | D133: TRUE | E133: =IF(A133="","ADA",VLOOKUP(A133,'All float token'!A$2:B$64,2,FALSE)) -> [splLP]ADA.USDA | F133: =IF(B133="","ADA",VLOOKUP(B133,'All float token'!A$2:B$64,2,FALSE)) -> USDC
A134: 25c5de5f5b286073c593edfd77b48abc7a48e5a4f3d4cd9d428ff935.425443 | B134: 25c5de5f5b286073c593edfd77b48abc7a48e5a4f3d4cd9d428ff935.55534443 | C134: 8000 | D134: TRUE | E134: =IF(A134="","ADA",VLOOKUP(A134,'All float token'!A$2:B$64,2,FALSE)) -> BTC | F134: =IF(B134="","ADA",VLOOKUP(B134,'All float token'!A$2:B$64,2,FALSE)) -> USDC
A135: 25c5de5f5b286073c593edfd77b48abc7a48e5a4f3d4cd9d428ff935.55534454 | B135: 25c5de5f5b286073c593edfd77b48abc7a48e5a4f3d4cd9d428ff935.55534443 | C135: 9000 | D135: TRUE | E135: =IF(A135="","ADA",VLOOKUP(A135,'All float token'!A$2:B$64,2,FALSE)) -> USDT | F135: =IF(B135="","ADA",VLOOKUP(B135,'All float token'!A$2:B$64,2,FALSE)) -> USDC
A136: 4cf6a914372155ec78f6643141e280d38e3bae4ffbf623765efce3de.4254435f4144415f4c51 | B136: 25c5de5f5b286073c593edfd77b48abc7a48e5a4f3d4cd9d428ff935.55534443 | C136: 8000 | D136: TRUE | E136: =IF(A136="","ADA",VLOOKUP(A136,'All float token'!A$2:B$64,2,FALSE)) -> [splLP]ADA.BTC.30 | F136: =IF(B136="","ADA",VLOOKUP(B136,'All float token'!A$2:B$64,2,FALSE)) -> USDC
A137: 6df63e2fdde8b2c3b3396265b0cc824aa4fb999396b1c154280f6b0c | B137: 25c5de5f5b286073c593edfd77b48abc7a48e5a4f3d4cd9d428ff935.55534443 | C137: 9000 | D137: TRUE | E137: =IF(A137="","ADA",VLOOKUP(A137,'All float token'!A$2:B$64,2,FALSE)) -> qDJED | F137: =IF(B137="","ADA",VLOOKUP(B137,'All float token'!A$2:B$64,2,FALSE)) -> USDC
A138: 6ebaa7305f90791b9fae1c0bbbc9a3a1820088b621e95193df396772.4254435f4144415f4c51 | B138: 25c5de5f5b286073c593edfd77b48abc7a48e5a4f3d4cd9d428ff935.55534443 | C138: 8000 | D138: TRUE | E138: =IF(A138="","ADA",VLOOKUP(A138,'All float token'!A$2:B$64,2,FALSE)) -> [splLP]ADA.BTC.50 | F138: =IF(B138="","ADA",VLOOKUP(B138,'All float token'!A$2:B$64,2,FALSE)) -> USDC
A139: 7a4d45e6b4e6835c4cea3968f291fab3704949cfd2f2dc1997c4eeec | B139: 25c5de5f5b286073c593edfd77b48abc7a48e5a4f3d4cd9d428ff935.55534443 | C139: 9000 | D139: TRUE | E139: =IF(A139="","ADA",VLOOKUP(A139,'All float token'!A$2:B$64,2,FALSE)) -> qUSDT | F139: =IF(B139="","ADA",VLOOKUP(B139,'All float token'!A$2:B$64,2,FALSE)) -> USDC
A140: 7b7976222e874b1ac7c34fc5a56563203f7562fb217068242f7f5059.446a65644d6963726f5553445f4144415f4c51 | B140: 25c5de5f5b286073c593edfd77b48abc7a48e5a4f3d4cd9d428ff935.55534443 | C140: 8000 | D140: TRUE | E140: =IF(A140="","ADA",VLOOKUP(A140,'All float token'!A$2:B$64,2,FALSE)) -> [splLP]ADA.DJED | F140: =IF(B140="","ADA",VLOOKUP(B140,'All float token'!A$2:B$64,2,FALSE)) -> USDC
A141: 8db269c3ec630e06ae29f74bc39edd1f87c819f1056206e879a1cd61.446a65644d6963726f555344 | B141: 25c5de5f5b286073c593edfd77b48abc7a48e5a4f3d4cd9d428ff935.55534443 | C141: 9000 | D141: TRUE | E141: =IF(A141="","ADA",VLOOKUP(A141,'All float token'!A$2:B$64,2,FALSE)) -> DJED | F141: =IF(B141="","ADA",VLOOKUP(B141,'All float token'!A$2:B$64,2,FALSE)) -> USDC
A142: 94dca24a1f1fcc2ff51cd90f32f4fe9e786d861a2dbf7d27598d26e8.134ab43b73bd6f5ae70534fe51194ad62618d39a539830ecef4f8e19 | B142: 25c5de5f5b286073c593edfd77b48abc7a48e5a4f3d4cd9d428ff935.55534443 | C142: 8000 | D142: TRUE | E142: =IF(A142="","ADA",VLOOKUP(A142,'All float token'!A$2:B$64,2,FALSE)) -> dBTC | F142: =IF(B142="","ADA",VLOOKUP(B142,'All float token'!A$2:B$64,2,FALSE)) -> USDC
... A161: fe7c786ab321f41c654ef6c1af7b3250a613c24e4213e0425a7ae456.55534441 | B161: 25c5de5f5b286073c593edfd77b48abc7a48e5a4f3d4cd9d428ff935.55534443 | C161: 9000 | D161: TRUE | E161: =IF(A161="","ADA",VLOOKUP(A161,'All float token'!A$2:B$64,2,FALSE)) -> USDA | F161: =IF(B161="","ADA",VLOOKUP(B161,'All float token'!A$2:B$64,2,FALSE)) -> USDC
B162: 25c5de5f5b286073c593edfd77b48abc7a48e5a4f3d4cd9d428ff935.425443 | C162: 8000 | D162: TRUE | E162: =IF(A162="","ADA",VLOOKUP(A162,'All float token'!A$2:B$64,2,FALSE)) -> ADA | F162: =IF(B162="","ADA",VLOOKUP(B162,'All float token'!A$2:B$64,2,FALSE)) -> BTC
A163: 09f4212b4f1c4a2d1300866e8decec795abb8eb8bbdc34d2d66384fd.555344545f4144415f4c51 | B163: 25c5de5f5b286073c593edfd77b48abc7a48e5a4f3d4cd9d428ff935.425443 | C163: 8000 | D163: TRUE | E163: =IF(A163="","ADA",VLOOKUP(A163,'All float token'!A$2:B$64,2,FALSE)) -> [splLP]ADA.USDT | F163: =IF(B163="","ADA",VLOOKUP(B163,'All float token'!A$2:B$64,2,FALSE)) -> BTC
A164: 0a0a692605bed9e698a172a35adbdb70a04b40273c9043e1c4e4570a.0014efbfbd105553444d5f4144415f4c51 | B164: 25c5de5f5b286073c593edfd77b48abc7a48e5a4f3d4cd9d428ff935.425443 | C164: 8000 | D164: TRUE | E164: =IF(A164="","ADA",VLOOKUP(A164,'All float token'!A$2:B$64,2,FALSE)) -> [splLP]ADA.USDM.500 | F164: =IF(B164="","ADA",VLOOKUP(B164,'All float token'!A$2:B$64,2,FALSE)) -> BTC
A165: 0d91892d31eef2398d66e771a03feea04ca17cd26655c2cc1550514a.555344415f4144415f4c51 | B165: 25c5de5f5b286073c593edfd77b48abc7a48e5a4f3d4cd9d428ff935.425443 | C165: 8000 | D165: TRUE | E165: =IF(A165="","ADA",VLOOKUP(A165,'All float token'!A$2:B$64,2,FALSE)) -> [splLP]ADA.USDA | F165: =IF(B165="","ADA",VLOOKUP(B165,'All float token'!A$2:B$64,2,FALSE)) -> BTC
A166: 25c5de5f5b286073c593edfd77b48abc7a48e5a4f3d4cd9d428ff935.55534443 | B166: 25c5de5f5b286073c593edfd77b48abc7a48e5a4f3d4cd9d428ff935.425443 | C166: 8000 | D166: TRUE | E166: =IF(A166="","ADA",VLOOKUP(A166,'All float token'!A$2:B$64,2,FALSE)) -> USDC | F166: =IF(B166="","ADA",VLOOKUP(B166,'All float token'!A$2:B$64,2,FALSE)) -> BTC
A167: 25c5de5f5b286073c593edfd77b48abc7a48e5a4f3d4cd9d428ff935.55534454 | B167: 25c5de5f5b286073c593edfd77b48abc7a48e5a4f3d4cd9d428ff935.425443 | C167: 8000 | D167: TRUE | E167: =IF(A167="","ADA",VLOOKUP(A167,'All float token'!A$2:B$64,2,FALSE)) -> USDT | F167: =IF(B167="","ADA",VLOOKUP(B167,'All float token'!A$2:B$64,2,FALSE)) -> BTC
A168: 4cf6a914372155ec78f6643141e280d38e3bae4ffbf623765efce3de.4254435f4144415f4c51 | B168: 25c5de5f5b286073c593edfd77b48abc7a48e5a4f3d4cd9d428ff935.425443 | C168: 8000 | D168: TRUE | E168: =IF(A168="","ADA",VLOOKUP(A168,'All float token'!A$2:B$64,2,FALSE)) -> [splLP]ADA.BTC.30 | F168: =IF(B168="","ADA",VLOOKUP(B168,'All float token'!A$2:B$64,2,FALSE)) -> BTC
A169: 6df63e2fdde8b2c3b3396265b0cc824aa4fb999396b1c154280f6b0c | B169: 25c5de5f5b286073c593edfd77b48abc7a48e5a4f3d4cd9d428ff935.425443 | C169: 8000 | D169: TRUE | E169: =IF(A169="","ADA",VLOOKUP(A169,'All float token'!A$2:B$64,2,FALSE)) -> qDJED | F169: =IF(B169="","ADA",VLOOKUP(B169,'All float token'!A$2:B$64,2,FALSE)) -> BTC
A170: 6ebaa7305f90791b9fae1c0bbbc9a3a1820088b621e95193df396772.4254435f4144415f4c51 | B170: 25c5de5f5b286073c593edfd77b48abc7a48e5a4f3d4cd9d428ff935.425443 | C170: 8000 | D170: TRUE | E170: =IF(A170="","ADA",VLOOKUP(A170,'All float token'!A$2:B$64,2,FALSE)) -> [splLP]ADA.BTC.50 | F170: =IF(B170="","ADA",VLOOKUP(B170,'All float token'!A$2:B$64,2,FALSE)) -> BTC
A171: 7a4d45e6b4e6835c4cea3968f291fab3704949cfd2f2dc1997c4eeec | B171: 25c5de5f5b286073c593edfd77b48abc7a48e5a4f3d4cd9d428ff935.425443 | C171: 8000 | D171: TRUE | E171: =IF(A171="","ADA",VLOOKUP(A171,'All float token'!A$2:B$64,2,FALSE)) -> qUSDT | F171: =IF(B171="","ADA",VLOOKUP(B171,'All float token'!A$2:B$64,2,FALSE)) -> BTC
A172: 7b7976222e874b1ac7c34fc5a56563203f7562fb217068242f7f5059.446a65644d6963726f5553445f4144415f4c51 | B172: 25c5de5f5b286073c593edfd77b48abc7a48e5a4f3d4cd9d428ff935.425443 | C172: 8000 | D172: TRUE | E172: =IF(A172="","ADA",VLOOKUP(A172,'All float token'!A$2:B$64,2,FALSE)) -> [splLP]ADA.DJED | F172: =IF(B172="","ADA",VLOOKUP(B172,'All float token'!A$2:B$64,2,FALSE)) -> BTC
A173: 8db269c3ec630e06ae29f74bc39edd1f87c819f1056206e879a1cd61.446a65644d6963726f555344 | B173: 25c5de5f5b286073c593edfd77b48abc7a48e5a4f3d4cd9d428ff935.425443 | C173: 8000 | D173: TRUE | E173: =IF(A173="","ADA",VLOOKUP(A173,'All float token'!A$2:B$64,2,FALSE)) -> DJED | F173: =IF(B173="","ADA",VLOOKUP(B173,'All float token'!A$2:B$64,2,FALSE)) -> BTC
A174: 94dca24a1f1fcc2ff51cd90f32f4fe9e786d861a2dbf7d27598d26e8.2212068512d00ba78800e493bce47121d492043c864d896ea9f5ad5c | B174: 25c5de5f5b286073c593edfd77b48abc7a48e5a4f3d4cd9d428ff935.425443 | C174: 8000 | D174: TRUE | E174: =IF(A174="","ADA",VLOOKUP(A174,'All float token'!A$2:B$64,2,FALSE)) -> dUSDM | F174: =IF(B174="","ADA",VLOOKUP(B174,'All float token'!A$2:B$64,2,FALSE)) -> BTC
... A193: fe7c786ab321f41c654ef6c1af7b3250a613c24e4213e0425a7ae456.55534441 | B193: 25c5de5f5b286073c593edfd77b48abc7a48e5a4f3d4cd9d428ff935.425443 | C193: 8000 | D193: TRUE | E193: =IF(A193="","ADA",VLOOKUP(A193,'All float token'!A$2:B$64,2,FALSE)) -> USDA | F193: =IF(B193="","ADA",VLOOKUP(B193,'All float token'!A$2:B$64,2,FALSE)) -> BTC
B194: 25c5de5f5b286073c593edfd77b48abc7a48e5a4f3d4cd9d428ff935.55534454 | C194: 8000 | D194: TRUE | E194: =IF(A194="","ADA",VLOOKUP(A194,'All float token'!A$2:B$64,2,FALSE)) -> ADA | F194: =IF(B194="","ADA",VLOOKUP(B194,'All float token'!A$2:B$64,2,FALSE)) -> USDT
A195: 09f4212b4f1c4a2d1300866e8decec795abb8eb8bbdc34d2d66384fd.555344545f4144415f4c51 | B195: 25c5de5f5b286073c593edfd77b48abc7a48e5a4f3d4cd9d428ff935.55534454 | C195: 8000 | D195: TRUE | E195: =IF(A195="","ADA",VLOOKUP(A195,'All float token'!A$2:B$64,2,FALSE)) -> [splLP]ADA.USDT | F195: =IF(B195="","ADA",VLOOKUP(B195,'All float token'!A$2:B$64,2,FALSE)) -> USDT
A196: 0a0a692605bed9e698a172a35adbdb70a04b40273c9043e1c4e4570a.0014efbfbd105553444d5f4144415f4c51 | B196: 25c5de5f5b286073c593edfd77b48abc7a48e5a4f3d4cd9d428ff935.55534454 | C196: 8000 | D196: TRUE | E196: =IF(A196="","ADA",VLOOKUP(A196,'All float token'!A$2:B$64,2,FALSE)) -> [splLP]ADA.USDM.500 | F196: =IF(B196="","ADA",VLOOKUP(B196,'All float token'!A$2:B$64,2,FALSE)) -> USDT
A197: 0d91892d31eef2398d66e771a03feea04ca17cd26655c2cc1550514a.555344415f4144415f4c51 | B197: 25c5de5f5b286073c593edfd77b48abc7a48e5a4f3d4cd9d428ff935.55534454 | C197: 8000 | D197: TRUE | E197: =IF(A197="","ADA",VLOOKUP(A197,'All float token'!A$2:B$64,2,FALSE)) -> [splLP]ADA.USDA | F197: =IF(B197="","ADA",VLOOKUP(B197,'All float token'!A$2:B$64,2,FALSE)) -> USDT
A198: 25c5de5f5b286073c593edfd77b48abc7a48e5a4f3d4cd9d428ff935.425443 | B198: 25c5de5f5b286073c593edfd77b48abc7a48e5a4f3d4cd9d428ff935.55534454 | C198: 8000 | D198: TRUE | E198: =IF(A198="","ADA",VLOOKUP(A198,'All float token'!A$2:B$64,2,FALSE)) -> BTC | F198: =IF(B198="","ADA",VLOOKUP(B198,'All float token'!A$2:B$64,2,FALSE)) -> USDT
A199: 25c5de5f5b286073c593edfd77b48abc7a48e5a4f3d4cd9d428ff935.55534443 | B199: 25c5de5f5b286073c593edfd77b48abc7a48e5a4f3d4cd9d428ff935.55534454 | C199: 9000 | D199: TRUE | E199: =IF(A199="","ADA",VLOOKUP(A199,'All float token'!A$2:B$64,2,FALSE)) -> USDC | F199: =IF(B199="","ADA",VLOOKUP(B199,'All float token'!A$2:B$64,2,FALSE)) -> USDT
A200: 4cf6a914372155ec78f6643141e280d38e3bae4ffbf623765efce3de.4254435f4144415f4c51 | B200: 25c5de5f5b286073c593edfd77b48abc7a48e5a4f3d4cd9d428ff935.55534454 | C200: 8000 | D200: TRUE | E200: =IF(A200="","ADA",VLOOKUP(A200,'All float token'!A$2:B$64,2,FALSE)) -> [splLP]ADA.BTC.30 | F200: =IF(B200="","ADA",VLOOKUP(B200,'All float token'!A$2:B$64,2,FALSE)) -> USDT
A201: 6df63e2fdde8b2c3b3396265b0cc824aa4fb999396b1c154280f6b0c | B201: 25c5de5f5b286073c593edfd77b48abc7a48e5a4f3d4cd9d428ff935.55534454 | C201: 9000 | D201: TRUE | E201: =IF(A201="","ADA",VLOOKUP(A201,'All float token'!A$2:B$64,2,FALSE)) -> qDJED | F201: =IF(B201="","ADA",VLOOKUP(B201,'All float token'!A$2:B$64,2,FALSE)) -> USDT
A202: 6ebaa7305f90791b9fae1c0bbbc9a3a1820088b621e95193df396772.4254435f4144415f4c51 | B202: 25c5de5f5b286073c593edfd77b48abc7a48e5a4f3d4cd9d428ff935.55534454 | C202: 8000 | D202: TRUE | E202: =IF(A202="","ADA",VLOOKUP(A202,'All float token'!A$2:B$64,2,FALSE)) -> [splLP]ADA.BTC.50 | F202: =IF(B202="","ADA",VLOOKUP(B202,'All float token'!A$2:B$64,2,FALSE)) -> USDT
A203: 7b7976222e874b1ac7c34fc5a56563203f7562fb217068242f7f5059.446a65644d6963726f5553445f4144415f4c51 | B203: 25c5de5f5b286073c593edfd77b48abc7a48e5a4f3d4cd9d428ff935.55534454 | C203: 8000 | D203: TRUE | E203: =IF(A203="","ADA",VLOOKUP(A203,'All float token'!A$2:B$64,2,FALSE)) -> [splLP]ADA.DJED | F203: =IF(B203="","ADA",VLOOKUP(B203,'All float token'!A$2:B$64,2,FALSE)) -> USDT
A204: 8db269c3ec630e06ae29f74bc39edd1f87c819f1056206e879a1cd61.446a65644d6963726f555344 | B204: 25c5de5f5b286073c593edfd77b48abc7a48e5a4f3d4cd9d428ff935.55534454 | C204: 9000 | D204: TRUE | E204: =IF(A204="","ADA",VLOOKUP(A204,'All float token'!A$2:B$64,2,FALSE)) -> DJED | F204: =IF(B204="","ADA",VLOOKUP(B204,'All float token'!A$2:B$64,2,FALSE)) -> USDT
A205: 94dca24a1f1fcc2ff51cd90f32f4fe9e786d861a2dbf7d27598d26e8.134ab43b73bd6f5ae70534fe51194ad62618d39a539830ecef4f8e19 | B205: 25c5de5f5b286073c593edfd77b48abc7a48e5a4f3d4cd9d428ff935.55534454 | C205: 8000 | D205: TRUE | E205: =IF(A205="","ADA",VLOOKUP(A205,'All float token'!A$2:B$64,2,FALSE)) -> dBTC | F205: =IF(B205="","ADA",VLOOKUP(B205,'All float token'!A$2:B$64,2,FALSE)) -> USDT
A206: 94dca24a1f1fcc2ff51cd90f32f4fe9e786d861a2dbf7d27598d26e8.2212068512d00ba78800e493bce47121d492043c864d896ea9f5ad5c | B206: 25c5de5f5b286073c593edfd77b48abc7a48e5a4f3d4cd9d428ff935.55534454 | C206: 9000 | D206: TRUE | E206: =IF(A206="","ADA",VLOOKUP(A206,'All float token'!A$2:B$64,2,FALSE)) -> dUSDM | F206: =IF(B206="","ADA",VLOOKUP(B206,'All float token'!A$2:B$64,2,FALSE)) -> USDT
... A225: fe7c786ab321f41c654ef6c1af7b3250a613c24e4213e0425a7ae456.55534441 | B225: 25c5de5f5b286073c593edfd77b48abc7a48e5a4f3d4cd9d428ff935.55534454 | C225: 9000 | D225: TRUE | E225: =IF(A225="","ADA",VLOOKUP(A225,'All float token'!A$2:B$64,2,FALSE)) -> USDA | F225: =IF(B225="","ADA",VLOOKUP(B225,'All float token'!A$2:B$64,2,FALSE)) -> USDT
A226: 9759bfd89ffa91652064f3a2ef66dcc5c52ca85b55e938ad29198f72 | E226: ADA | F226: sADA
A227: a04ce7a52545e5e33c2867e148898d9e667a69602285f6a1298f9d68 | E227: ADA | F227: qADA
...

Sheet Sheet3
A1: supply_token | B1: dtoken
B2: 94dca24a1f1fcc2ff51cd90f32f4fe9e786d861a2dbf7d27598d26e8.f04403181fbd051edd971af67b85f6c6fe1d9d98949a80b9f3803a14 | C2: =IF(A2="","ADA",VLOOKUP(A2,'All float token'!$A$2:$B$64,2,FALSE)) -> ADA | D2: =IF(B2="","ADA",VLOOKUP(B2,'All float token'!$A$2:$B$64,2,FALSE)) -> dADA
A3: 25c5de5f5b286073c593edfd77b48abc7a48e5a4f3d4cd9d428ff935.425443 | B3: 94dca24a1f1fcc2ff51cd90f32f4fe9e786d861a2dbf7d27598d26e8.134ab43b73bd6f5ae70534fe51194ad62618d39a539830ecef4f8e19 | C3: =IF(A3="","ADA",VLOOKUP(A3,'All float token'!$A$2:$B$64,2,FALSE)) -> BTC | D3: =IF(B3="","ADA",VLOOKUP(B3,'All float token'!$A$2:$B$64,2,FALSE)) -> dBTC
A4: 25c5de5f5b286073c593edfd77b48abc7a48e5a4f3d4cd9d428ff935.55534443 | B4: 94dca24a1f1fcc2ff51cd90f32f4fe9e786d861a2dbf7d27598d26e8.b96f6167426d625b8975c0437966745c9240e6488517b2b2f44bc7c7 | C4: =IF(A4="","ADA",VLOOKUP(A4,'All float token'!$A$2:$B$64,2,FALSE)) -> USDC | D4: =IF(B4="","ADA",VLOOKUP(B4,'All float token'!$A$2:$B$64,2,FALSE)) -> dUSDC
A5: 25c5de5f5b286073c593edfd77b48abc7a48e5a4f3d4cd9d428ff935.55534454 | B5: 94dca24a1f1fcc2ff51cd90f32f4fe9e786d861a2dbf7d27598d26e8.2d94b144d91520d0de771f6c3449d5cff8f0373c472dae2b9851a8c2 | C5: =IF(A5="","ADA",VLOOKUP(A5,'All float token'!$A$2:$B$64,2,FALSE)) -> USDT | D5: =IF(B5="","ADA",VLOOKUP(B5,'All float token'!$A$2:$B$64,2,FALSE)) -> dUSDT
A6: 279c909f348e533da5808898f87f9a14bb2c3dfbbacccd631d927a3f.534e454b | B6: 94dca24a1f1fcc2ff51cd90f32f4fe9e786d861a2dbf7d27598d26e8.2e614ed06d9ab2b693f108251c6df8d5e37cae81ffce99a4cf0a781f | C6: =IF(A6="","ADA",VLOOKUP(A6,'All float token'!$A$2:$B$64,2,FALSE)) -> Snek | D6: =IF(B6="","ADA",VLOOKUP(B6,'All float token'!$A$2:$B$64,2,FALSE)) -> dSNEK
A7: 2852268cf6e2db42e20f2fd3125f541e5d6c5a3d70b4dda17c2daa82 | B7: 94dca24a1f1fcc2ff51cd90f32f4fe9e786d861a2dbf7d27598d26e8.3cfdbb46c8359e7f5e56d48a330cf85fc38eef19c83730198bc0dcbb | C7: =IF(A7="","ADA",VLOOKUP(A7,'All float token'!$A$2:$B$64,2,FALSE)) -> The O Token | D7: =IF(B7="","ADA",VLOOKUP(B7,'All float token'!$A$2:$B$64,2,FALSE)) -> dO
A8: 29d222ce763455e3d7a09a665ce554f00ac89d2e99a1a83d267170c6.4d494e | B8: 94dca24a1f1fcc2ff51cd90f32f4fe9e786d861a2dbf7d27598d26e8.251d5ccb51543f3647b344d4a4c8f2df5bff9d164854e3e7fe4b1711 | C8: =IF(A8="","ADA",VLOOKUP(A8,'All float token'!$A$2:$B$64,2,FALSE)) -> Minswap | D8: =IF(B8="","ADA",VLOOKUP(B8,'All float token'!$A$2:$B$64,2,FALSE)) -> dMIN
A9: 2d9db8a89f074aa045eab177f23a3395f62ced8b53499a9e4ad46c80.464c4f57 | B9: 94dca24a1f1fcc2ff51cd90f32f4fe9e786d861a2dbf7d27598d26e8.18e8d03ef4d8ab3c408551378040ae6a8dd1bb437023858bf4994df7 | C9: =IF(A9="","ADA",VLOOKUP(A9,'All float token'!$A$2:$B$64,2,FALSE)) -> FLOW | D9: =IF(B9="","ADA",VLOOKUP(B9,'All float token'!$A$2:$B$64,2,FALSE)) -> dFLOW
A10: 533bb94a8850ee3ccbe483106489399112b74c905342cb1792a797a0.494e4459 | B10: 94dca24a1f1fcc2ff51cd90f32f4fe9e786d861a2dbf7d27598d26e8.a1bc0130b1eb217e58c2b40f4e6ed7647af5c71157466bd6a0dbb85c | C10: =IF(A10="","ADA",VLOOKUP(A10,'All float token'!$A$2:$B$64,2,FALSE)) -> Indigo DAO Token | D10: =IF(B10="","ADA",VLOOKUP(B10,'All float token'!$A$2:$B$64,2,FALSE)) -> dINDY
A11: 577f0b1342f8f8f4aed3388b80a8535812950c7a892495c0ecdf0f1e.0014df10464c4454 | B11: 94dca24a1f1fcc2ff51cd90f32f4fe9e786d861a2dbf7d27598d26e8.45af09272aeaf60d2215ce33daa6d2bc3ced61e5b59be434d21cd2e8 | C11: =IF(A11="","ADA",VLOOKUP(A11,'All float token'!$A$2:$B$64,2,FALSE)) -> FLDT | D11: =IF(B11="","ADA",VLOOKUP(B11,'All float token'!$A$2:$B$64,2,FALSE)) -> dFLDT
A12: 5d16cc1a177b5d9ba9cfa9793b07e60f1fb70fea1f8aef064415d114.494147 | B12: 94dca24a1f1fcc2ff51cd90f32f4fe9e786d861a2dbf7d27598d26e8.4c56da0af61dfca72b32de9fc0c44ecdd248932e69ce267d62b7ddc1 | C12: =IF(A12="","ADA",VLOOKUP(A12,'All float token'!$A$2:$B$64,2,FALSE)) -> IAGON | D12: =IF(B12="","ADA",VLOOKUP(B12,'All float token'!$A$2:$B$64,2,FALSE)) -> dIAG
A13: 5deab590a137066fef0e56f06ef1b830f21bc5d544661ba570bdd2ae.424f44454741 | B13: 94dca24a1f1fcc2ff51cd90f32f4fe9e786d861a2dbf7d27598d26e8.34d8725885174384ff7cd92e8b0b7a1d71a12550c9d61360ad4cf43c | C13: =IF(A13="","ADA",VLOOKUP(A13,'All float token'!$A$2:$B$64,2,FALSE)) -> BODEGA | D13: =IF(B13="","ADA",VLOOKUP(B13,'All float token'!$A$2:$B$64,2,FALSE)) -> dBODEGA
A14: 8db269c3ec630e06ae29f74bc39edd1f87c819f1056206e879a1cd61.446a65644d6963726f555344 | B14: 94dca24a1f1fcc2ff51cd90f32f4fe9e786d861a2dbf7d27598d26e8.a90873033a7449a360ab4a9b07b7262cad46a54031d09d784cf01127 | C14: =IF(A14="","ADA",VLOOKUP(A14,'All float token'!$A$2:$B$64,2,FALSE)) -> DJED | D14: =IF(B14="","ADA",VLOOKUP(B14,'All float token'!$A$2:$B$64,2,FALSE)) -> dDJED
... A21: fe7c786ab321f41c654ef6c1af7b3250a613c24e4213e0425a7ae456.55534441 | B21: 94dca24a1f1fcc2ff51cd90f32f4fe9e786d861a2dbf7d27598d26e8.7553c4258a557314d787908085e67fb50f7d6f8f6ff6e0d1c9b9306b | C21: =IF(A21="","ADA",VLOOKUP(A21,'All float token'!$A$2:$B$64,2,FALSE)) -> USDA | D21: =IF(B21="","ADA",VLOOKUP(B21,'All float token'!$A$2:$B$64,2,FALSE)) -> dUSDA

Sheet ListTokenPairs-1
A1: baseToken | B1: quoteToken | C1: base token name | D1: quote token name
A2: 09f4212b4f1c4a2d1300866e8decec795abb8eb8bbdc34d2d66384fd.555344545f4144415f4c51 | C2: =VLOOKUP(A2,'All float token'!A$2:B$64,2,FALSE) -> [splLP]ADA.USDT | D2: =VLOOKUP(B2,'All float token'!A$2:B$64,2,FALSE) -> #N/A
A3: 0a0a692605bed9e698a172a35adbdb70a04b40273c9043e1c4e4570a.0014efbfbd105553444d5f4144415f4c51 | C3: =VLOOKUP(A3,'All float token'!A$2:B$64,2,FALSE) -> [splLP]ADA.USDM.500 | D3: =VLOOKUP(B3,'All float token'!A$2:B$64,2,FALSE) -> #N/A
A4: 0d91892d31eef2398d66e771a03feea04ca17cd26655c2cc1550514a.555344415f4144415f4c51 | C4: =VLOOKUP(A4,'All float token'!A$2:B$64,2,FALSE) -> [splLP]ADA.USDA | D4: =VLOOKUP(B4,'All float token'!A$2:B$64,2,FALSE) -> #N/A
A5: 25c5de5f5b286073c593edfd77b48abc7a48e5a4f3d4cd9d428ff935.425443 | C5: =VLOOKUP(A5,'All float token'!A$2:B$64,2,FALSE) -> BTC | D5: =VLOOKUP(B5,'All float token'!A$2:B$64,2,FALSE) -> #N/A
A6: 25c5de5f5b286073c593edfd77b48abc7a48e5a4f3d4cd9d428ff935.55534443 | C6: =VLOOKUP(A6,'All float token'!A$2:B$64,2,FALSE) -> USDC | D6: =VLOOKUP(B6,'All float token'!A$2:B$64,2,FALSE) -> #N/A
A7: 25c5de5f5b286073c593edfd77b48abc7a48e5a4f3d4cd9d428ff935.55534454 | C7: =VLOOKUP(A7,'All float token'!A$2:B$64,2,FALSE) -> USDT | D7: =VLOOKUP(B7,'All float token'!A$2:B$64,2,FALSE) -> #N/A
A8: 4cf6a914372155ec78f6643141e280d38e3bae4ffbf623765efce3de.4254435f4144415f4c51 | C8: =VLOOKUP(A8,'All float token'!A$2:B$64,2,FALSE) -> [splLP]ADA.BTC.30 | D8: =VLOOKUP(B8,'All float token'!A$2:B$64,2,FALSE) -> #N/A
A9: 6df63e2fdde8b2c3b3396265b0cc824aa4fb999396b1c154280f6b0c | C9: =VLOOKUP(A9,'All float token'!A$2:B$64,2,FALSE) -> qDJED | D9: =VLOOKUP(B9,'All float token'!A$2:B$64,2,FALSE) -> #N/A
A10: 6ebaa7305f90791b9fae1c0bbbc9a3a1820088b621e95193df396772.4254435f4144415f4c51 | C10: =VLOOKUP(A10,'All float token'!A$2:B$64,2,FALSE) -> [splLP]ADA.BTC.50 | D10: =VLOOKUP(B10,'All float token'!A$2:B$64,2,FALSE) -> #N/A
A11: 7a4d45e6b4e6835c4cea3968f291fab3704949cfd2f2dc1997c4eeec | C11: =VLOOKUP(A11,'All float token'!A$2:B$64,2,FALSE) -> qUSDT | D11: =VLOOKUP(B11,'All float token'!A$2:B$64,2,FALSE) -> #N/A
A12: 7b7976222e874b1ac7c34fc5a56563203f7562fb217068242f7f5059.446a65644d6963726f5553445f4144415f4c51 | C12: =VLOOKUP(A12,'All float token'!A$2:B$64,2,FALSE) -> [splLP]ADA.DJED | D12: =VLOOKUP(B12,'All float token'!A$2:B$64,2,FALSE) -> #N/A
A13: 8db269c3ec630e06ae29f74bc39edd1f87c819f1056206e879a1cd61.446a65644d6963726f555344 | C13: =VLOOKUP(A13,'All float token'!A$2:B$64,2,FALSE) -> DJED | D13: =VLOOKUP(B13,'All float token'!A$2:B$64,2,FALSE) -> #N/A
... A33: fe7c786ab321f41c654ef6c1af7b3250a613c24e4213e0425a7ae456.55534441 | C33: =VLOOKUP(A33,'All float token'!A$2:B$64,2,FALSE) -> USDA | D33: =VLOOKUP(B33,'All float token'!A$2:B$64,2,FALSE) -> #N/A
B34: c48cbb3d5e57ed56e276bc45f99ab39abe94e6cd7ac39fb402da47ad.0014df105553444d | C34: =VLOOKUP(A34,'All float token'!A$2:B$64,2,FALSE) -> #N/A | D34: =VLOOKUP(B34,'All float token'!A$2:B$64,2,FALSE) -> USDM
A35: 09f4212b4f1c4a2d1300866e8decec795abb8eb8bbdc34d2d66384fd.555344545f4144415f4c51 | B35: c48cbb3d5e57ed56e276bc45f99ab39abe94e6cd7ac39fb402da47ad.0014df105553444d | C35: =VLOOKUP(A35,'All float token'!A$2:B$64,2,FALSE) -> [splLP]ADA.USDT | D35: =VLOOKUP(B35,'All float token'!A$2:B$64,2,FALSE) -> USDM
A36: 0a0a692605bed9e698a172a35adbdb70a04b40273c9043e1c4e4570a.0014efbfbd105553444d5f4144415f4c51 | B36: c48cbb3d5e57ed56e276bc45f99ab39abe94e6cd7ac39fb402da47ad.0014df105553444d | C36: =VLOOKUP(A36,'All float token'!A$2:B$64,2,FALSE) -> [splLP]ADA.USDM.500 | D36: =VLOOKUP(B36,'All float token'!A$2:B$64,2,FALSE) -> USDM
A37: 0d91892d31eef2398d66e771a03feea04ca17cd26655c2cc1550514a.555344415f4144415f4c51 | B37: c48cbb3d5e57ed56e276bc45f99ab39abe94e6cd7ac39fb402da47ad.0014df105553444d | C37: =VLOOKUP(A37,'All float token'!A$2:B$64,2,FALSE) -> [splLP]ADA.USDA | D37: =VLOOKUP(B37,'All float token'!A$2:B$64,2,FALSE) -> USDM
A38: 25c5de5f5b286073c593edfd77b48abc7a48e5a4f3d4cd9d428ff935.425443 | B38: c48cbb3d5e57ed56e276bc45f99ab39abe94e6cd7ac39fb402da47ad.0014df105553444d | C38: =VLOOKUP(A38,'All float token'!A$2:B$64,2,FALSE) -> BTC | D38: =VLOOKUP(B38,'All float token'!A$2:B$64,2,FALSE) -> USDM
A39: 25c5de5f5b286073c593edfd77b48abc7a48e5a4f3d4cd9d428ff935.55534443 | B39: c48cbb3d5e57ed56e276bc45f99ab39abe94e6cd7ac39fb402da47ad.0014df105553444d | C39: =VLOOKUP(A39,'All float token'!A$2:B$64,2,FALSE) -> USDC | D39: =VLOOKUP(B39,'All float token'!A$2:B$64,2,FALSE) -> USDM
A40: 25c5de5f5b286073c593edfd77b48abc7a48e5a4f3d4cd9d428ff935.55534454 | B40: c48cbb3d5e57ed56e276bc45f99ab39abe94e6cd7ac39fb402da47ad.0014df105553444d | C40: =VLOOKUP(A40,'All float token'!A$2:B$64,2,FALSE) -> USDT | D40: =VLOOKUP(B40,'All float token'!A$2:B$64,2,FALSE) -> USDM
A41: 4cf6a914372155ec78f6643141e280d38e3bae4ffbf623765efce3de.4254435f4144415f4c51 | B41: c48cbb3d5e57ed56e276bc45f99ab39abe94e6cd7ac39fb402da47ad.0014df105553444d | C41: =VLOOKUP(A41,'All float token'!A$2:B$64,2,FALSE) -> [splLP]ADA.BTC.30 | D41: =VLOOKUP(B41,'All float token'!A$2:B$64,2,FALSE) -> USDM
A42: 6df63e2fdde8b2c3b3396265b0cc824aa4fb999396b1c154280f6b0c | B42: c48cbb3d5e57ed56e276bc45f99ab39abe94e6cd7ac39fb402da47ad.0014df105553444d | C42: =VLOOKUP(A42,'All float token'!A$2:B$64,2,FALSE) -> qDJED | D42: =VLOOKUP(B42,'All float token'!A$2:B$64,2,FALSE) -> USDM
A43: 6ebaa7305f90791b9fae1c0bbbc9a3a1820088b621e95193df396772.4254435f4144415f4c51 | B43: c48cbb3d5e57ed56e276bc45f99ab39abe94e6cd7ac39fb402da47ad.0014df105553444d | C43: =VLOOKUP(A43,'All float token'!A$2:B$64,2,FALSE) -> [splLP]ADA.BTC.50 | D43: =VLOOKUP(B43,'All float token'!A$2:B$64,2,FALSE) -> USDM
A44: 7a4d45e6b4e6835c4cea3968f291fab3704949cfd2f2dc1997c4eeec | B44: c48cbb3d5e57ed56e276bc45f99ab39abe94e6cd7ac39fb402da47ad.0014df105553444d | C44: =VLOOKUP(A44,'All float token'!A$2:B$64,2,FALSE) -> qUSDT | D44: =VLOOKUP(B44,'All float token'!A$2:B$64,2,FALSE) -> USDM
A45: 7b7976222e874b1ac7c34fc5a56563203f7562fb217068242f7f5059.446a65644d6963726f5553445f4144415f4c51 | B45: c48cbb3d5e57ed56e276bc45f99ab39abe94e6cd7ac39fb402da47ad.0014df105553444d | C45: =VLOOKUP(A45,'All float token'!A$2:B$64,2,FALSE) -> [splLP]ADA.DJED | D45: =VLOOKUP(B45,'All float token'!A$2:B$64,2,FALSE) -> USDM
A46: 8db269c3ec630e06ae29f74bc39edd1f87c819f1056206e879a1cd61.446a65644d6963726f555344 | B46: c48cbb3d5e57ed56e276bc45f99ab39abe94e6cd7ac39fb402da47ad.0014df105553444d | C46: =VLOOKUP(A46,'All float token'!A$2:B$64,2,FALSE) -> DJED | D46: =VLOOKUP(B46,'All float token'!A$2:B$64,2,FALSE) -> USDM
... A65: fe7c786ab321f41c654ef6c1af7b3250a613c24e4213e0425a7ae456.55534441 | B65: c48cbb3d5e57ed56e276bc45f99ab39abe94e6cd7ac39fb402da47ad.0014df105553444d | C65: =VLOOKUP(A65,'All float token'!A$2:B$64,2,FALSE) -> USDA | D65: =VLOOKUP(B65,'All float token'!A$2:B$64,2,FALSE) -> USDM
B66: fe7c786ab321f41c654ef6c1af7b3250a613c24e4213e0425a7ae456.55534441 | C66: =VLOOKUP(A66,'All float token'!A$2:B$64,2,FALSE) -> #N/A | D66: =VLOOKUP(B66,'All float token'!A$2:B$64,2,FALSE) -> USDA
A67: 09f4212b4f1c4a2d1300866e8decec795abb8eb8bbdc34d2d66384fd.555344545f4144415f4c51 | B67: fe7c786ab321f41c654ef6c1af7b3250a613c24e4213e0425a7ae456.55534441 | C67: =VLOOKUP(A67,'All float token'!A$2:B$64,2,FALSE) -> [splLP]ADA.USDT | D67: =VLOOKUP(B67,'All float token'!A$2:B$64,2,FALSE) -> USDA
A68: 0a0a692605bed9e698a172a35adbdb70a04b40273c9043e1c4e4570a.0014efbfbd105553444d5f4144415f4c51 | B68: fe7c786ab321f41c654ef6c1af7b3250a613c24e4213e0425a7ae456.55534441 | C68: =VLOOKUP(A68,'All float token'!A$2:B$64,2,FALSE) -> [splLP]ADA.USDM.500 | D68: =VLOOKUP(B68,'All float token'!A$2:B$64,2,FALSE) -> USDA
A69: 0d91892d31eef2398d66e771a03feea04ca17cd26655c2cc1550514a.555344415f4144415f4c51 | B69: fe7c786ab321f41c654ef6c1af7b3250a613c24e4213e0425a7ae456.55534441 | C69: =VLOOKUP(A69,'All float token'!A$2:B$64,2,FALSE) -> [splLP]ADA.USDA | D69: =VLOOKUP(B69,'All float token'!A$2:B$64,2,FALSE) -> USDA
A70: 25c5de5f5b286073c593edfd77b48abc7a48e5a4f3d4cd9d428ff935.425443 | B70: fe7c786ab321f41c654ef6c1af7b3250a613c24e4213e0425a7ae456.55534441 | C70: =VLOOKUP(A70,'All float token'!A$2:B$64,2,FALSE) -> BTC | D70: =VLOOKUP(B70,'All float token'!A$2:B$64,2,FALSE) -> USDA
A71: 25c5de5f5b286073c593edfd77b48abc7a48e5a4f3d4cd9d428ff935.55534443 | B71: fe7c786ab321f41c654ef6c1af7b3250a613c24e4213e0425a7ae456.55534441 | C71: =VLOOKUP(A71,'All float token'!A$2:B$64,2,FALSE) -> USDC | D71: =VLOOKUP(B71,'All float token'!A$2:B$64,2,FALSE) -> USDA
A72: 25c5de5f5b286073c593edfd77b48abc7a48e5a4f3d4cd9d428ff935.55534454 | B72: fe7c786ab321f41c654ef6c1af7b3250a613c24e4213e0425a7ae456.55534441 | C72: =VLOOKUP(A72,'All float token'!A$2:B$64,2,FALSE) -> USDT | D72: =VLOOKUP(B72,'All float token'!A$2:B$64,2,FALSE) -> USDA
A73: 4cf6a914372155ec78f6643141e280d38e3bae4ffbf623765efce3de.4254435f4144415f4c51 | B73: fe7c786ab321f41c654ef6c1af7b3250a613c24e4213e0425a7ae456.55534441 | C73: =VLOOKUP(A73,'All float token'!A$2:B$64,2,FALSE) -> [splLP]ADA.BTC.30 | D73: =VLOOKUP(B73,'All float token'!A$2:B$64,2,FALSE) -> USDA
A74: 6df63e2fdde8b2c3b3396265b0cc824aa4fb999396b1c154280f6b0c | B74: fe7c786ab321f41c654ef6c1af7b3250a613c24e4213e0425a7ae456.55534441 | C74: =VLOOKUP(A74,'All float token'!A$2:B$64,2,FALSE) -> qDJED | D74: =VLOOKUP(B74,'All float token'!A$2:B$64,2,FALSE) -> USDA
A75: 6ebaa7305f90791b9fae1c0bbbc9a3a1820088b621e95193df396772.4254435f4144415f4c51 | B75: fe7c786ab321f41c654ef6c1af7b3250a613c24e4213e0425a7ae456.55534441 | C75: =VLOOKUP(A75,'All float token'!A$2:B$64,2,FALSE) -> [splLP]ADA.BTC.50 | D75: =VLOOKUP(B75,'All float token'!A$2:B$64,2,FALSE) -> USDA
A76: 7a4d45e6b4e6835c4cea3968f291fab3704949cfd2f2dc1997c4eeec | B76: fe7c786ab321f41c654ef6c1af7b3250a613c24e4213e0425a7ae456.55534441 | C76: =VLOOKUP(A76,'All float token'!A$2:B$64,2,FALSE) -> qUSDT | D76: =VLOOKUP(B76,'All float token'!A$2:B$64,2,FALSE) -> USDA
A77: 7b7976222e874b1ac7c34fc5a56563203f7562fb217068242f7f5059.446a65644d6963726f5553445f4144415f4c51 | B77: fe7c786ab321f41c654ef6c1af7b3250a613c24e4213e0425a7ae456.55534441 | C77: =VLOOKUP(A77,'All float token'!A$2:B$64,2,FALSE) -> [splLP]ADA.DJED | D77: =VLOOKUP(B77,'All float token'!A$2:B$64,2,FALSE) -> USDA
A78: 8db269c3ec630e06ae29f74bc39edd1f87c819f1056206e879a1cd61.446a65644d6963726f555344 | B78: fe7c786ab321f41c654ef6c1af7b3250a613c24e4213e0425a7ae456.55534441 | C78: =VLOOKUP(A78,'All float token'!A$2:B$64,2,FALSE) -> DJED | D78: =VLOOKUP(B78,'All float token'!A$2:B$64,2,FALSE) -> USDA
... A97: f72166e9fac8297aeb553c19ffab14f51ae271c2cb26783ba289a3a5 | B97: fe7c786ab321f41c654ef6c1af7b3250a613c24e4213e0425a7ae456.55534441 | C97: =VLOOKUP(A97,'All float token'!A$2:B$64,2,FALSE) -> qBTC | D97: =VLOOKUP(B97,'All float token'!A$2:B$64,2,FALSE) -> USDA
B98: 8db269c3ec630e06ae29f74bc39edd1f87c819f1056206e879a1cd61.446a65644d6963726f555344 | C98: =VLOOKUP(A98,'All float token'!A$2:B$64,2,FALSE) -> #N/A | D98: =VLOOKUP(B98,'All float token'!A$2:B$64,2,FALSE) -> DJED
A99: 09f4212b4f1c4a2d1300866e8decec795abb8eb8bbdc34d2d66384fd.555344545f4144415f4c51 | B99: 8db269c3ec630e06ae29f74bc39edd1f87c819f1056206e879a1cd61.446a65644d6963726f555344 | C99: =VLOOKUP(A99,'All float token'!A$2:B$64,2,FALSE) -> [splLP]ADA.USDT | D99: =VLOOKUP(B99,'All float token'!A$2:B$64,2,FALSE) -> DJED
A100: 0a0a692605bed9e698a172a35adbdb70a04b40273c9043e1c4e4570a.0014efbfbd105553444d5f4144415f4c51 | B100: 8db269c3ec630e06ae29f74bc39edd1f87c819f1056206e879a1cd61.446a65644d6963726f555344 | C100: =VLOOKUP(A100,'All float token'!A$2:B$64,2,FALSE) -> [splLP]ADA.USDM.500 | D100: =VLOOKUP(B100,'All float token'!A$2:B$64,2,FALSE) -> DJED
A101: 0d91892d31eef2398d66e771a03feea04ca17cd26655c2cc1550514a.555344415f4144415f4c51 | B101: 8db269c3ec630e06ae29f74bc39edd1f87c819f1056206e879a1cd61.446a65644d6963726f555344 | C101: =VLOOKUP(A101,'All float token'!A$2:B$64,2,FALSE) -> [splLP]ADA.USDA | D101: =VLOOKUP(B101,'All float token'!A$2:B$64,2,FALSE) -> DJED
A102: 25c5de5f5b286073c593edfd77b48abc7a48e5a4f3d4cd9d428ff935.425443 | B102: 8db269c3ec630e06ae29f74bc39edd1f87c819f1056206e879a1cd61.446a65644d6963726f555344 | C102: =VLOOKUP(A102,'All float token'!A$2:B$64,2,FALSE) -> BTC | D102: =VLOOKUP(B102,'All float token'!A$2:B$64,2,FALSE) -> DJED
A103: 25c5de5f5b286073c593edfd77b48abc7a48e5a4f3d4cd9d428ff935.55534443 | B103: 8db269c3ec630e06ae29f74bc39edd1f87c819f1056206e879a1cd61.446a65644d6963726f555344 | C103: =VLOOKUP(A103,'All float token'!A$2:B$64,2,FALSE) -> USDC | D103: =VLOOKUP(B103,'All float token'!A$2:B$64,2,FALSE) -> DJED
A104: 25c5de5f5b286073c593edfd77b48abc7a48e5a4f3d4cd9d428ff935.55534454 | B104: 8db269c3ec630e06ae29f74bc39edd1f87c819f1056206e879a1cd61.446a65644d6963726f555344 | C104: =VLOOKUP(A104,'All float token'!A$2:B$64,2,FALSE) -> USDT | D104: =VLOOKUP(B104,'All float token'!A$2:B$64,2,FALSE) -> DJED
A105: 4cf6a914372155ec78f6643141e280d38e3bae4ffbf623765efce3de.4254435f4144415f4c51 | B105: 8db269c3ec630e06ae29f74bc39edd1f87c819f1056206e879a1cd61.446a65644d6963726f555344 | C105: =VLOOKUP(A105,'All float token'!A$2:B$64,2,FALSE) -> [splLP]ADA.BTC.30 | D105: =VLOOKUP(B105,'All float token'!A$2:B$64,2,FALSE) -> DJED
A106: 6ebaa7305f90791b9fae1c0bbbc9a3a1820088b621e95193df396772.4254435f4144415f4c51 | B106: 8db269c3ec630e06ae29f74bc39edd1f87c819f1056206e879a1cd61.446a65644d6963726f555344 | C106: =VLOOKUP(A106,'All float token'!A$2:B$64,2,FALSE) -> [splLP]ADA.BTC.50 | D106: =VLOOKUP(B106,'All float token'!A$2:B$64,2,FALSE) -> DJED
A107: 7a4d45e6b4e6835c4cea3968f291fab3704949cfd2f2dc1997c4eeec | B107: 8db269c3ec630e06ae29f74bc39edd1f87c819f1056206e879a1cd61.446a65644d6963726f555344 | C107: =VLOOKUP(A107,'All float token'!A$2:B$64,2,FALSE) -> qUSDT | D107: =VLOOKUP(B107,'All float token'!A$2:B$64,2,FALSE) -> DJED
A108: 7b7976222e874b1ac7c34fc5a56563203f7562fb217068242f7f5059.446a65644d6963726f5553445f4144415f4c51 | B108: 8db269c3ec630e06ae29f74bc39edd1f87c819f1056206e879a1cd61.446a65644d6963726f555344 | C108: =VLOOKUP(A108,'All float token'!A$2:B$64,2,FALSE) -> [splLP]ADA.DJED | D108: =VLOOKUP(B108,'All float token'!A$2:B$64,2,FALSE) -> DJED
A109: 94dca24a1f1fcc2ff51cd90f32f4fe9e786d861a2dbf7d27598d26e8.134ab43b73bd6f5ae70534fe51194ad62618d39a539830ecef4f8e19 | B109: 8db269c3ec630e06ae29f74bc39edd1f87c819f1056206e879a1cd61.446a65644d6963726f555344 | C109: =VLOOKUP(A109,'All float token'!A$2:B$64,2,FALSE) -> dBTC | D109: =VLOOKUP(B109,'All float token'!A$2:B$64,2,FALSE) -> DJED
A110: 94dca24a1f1fcc2ff51cd90f32f4fe9e786d861a2dbf7d27598d26e8.2212068512d00ba78800e493bce47121d492043c864d896ea9f5ad5c | B110: 8db269c3ec630e06ae29f74bc39edd1f87c819f1056206e879a1cd61.446a65644d6963726f555344 | C110: =VLOOKUP(A110,'All float token'!A$2:B$64,2,FALSE) -> dUSDM | D110: =VLOOKUP(B110,'All float token'!A$2:B$64,2,FALSE) -> DJED
... A129: fe7c786ab321f41c654ef6c1af7b3250a613c24e4213e0425a7ae456.55534441 | B129: 8db269c3ec630e06ae29f74bc39edd1f87c819f1056206e879a1cd61.446a65644d6963726f555344 | C129: =VLOOKUP(A129,'All float token'!A$2:B$64,2,FALSE) -> USDA | D129: =VLOOKUP(B129,'All float token'!A$2:B$64,2,FALSE) -> DJED
B130: 25c5de5f5b286073c593edfd77b48abc7a48e5a4f3d4cd9d428ff935.55534443 | C130: =VLOOKUP(A130,'All float token'!A$2:B$64,2,FALSE) -> #N/A | D130: =VLOOKUP(B130,'All float token'!A$2:B$64,2,FALSE) -> USDC
A131: 09f4212b4f1c4a2d1300866e8decec795abb8eb8bbdc34d2d66384fd.555344545f4144415f4c51 | B131: 25c5de5f5b286073c593edfd77b48abc7a48e5a4f3d4cd9d428ff935.55534443 | C131: =VLOOKUP(A131,'All float token'!A$2:B$64,2,FALSE) -> [splLP]ADA.USDT | D131: =VLOOKUP(B131,'All float token'!A$2:B$64,2,FALSE) -> USDC
A132: 0a0a692605bed9e698a172a35adbdb70a04b40273c9043e1c4e4570a.0014efbfbd105553444d5f4144415f4c51 | B132: 25c5de5f5b286073c593edfd77b48abc7a48e5a4f3d4cd9d428ff935.55534443 | C132: =VLOOKUP(A132,'All float token'!A$2:B$64,2,FALSE) -> [splLP]ADA.USDM.500 | D132: =VLOOKUP(B132,'All float token'!A$2:B$64,2,FALSE) -> USDC
A133: 0d91892d31eef2398d66e771a03feea04ca17cd26655c2cc1550514a.555344415f4144415f4c51 | B133: 25c5de5f5b286073c593edfd77b48abc7a48e5a4f3d4cd9d428ff935.55534443 | C133: =VLOOKUP(A133,'All float token'!A$2:B$64,2,FALSE) -> [splLP]ADA.USDA | D133: =VLOOKUP(B133,'All float token'!A$2:B$64,2,FALSE) -> USDC
A134: 25c5de5f5b286073c593edfd77b48abc7a48e5a4f3d4cd9d428ff935.425443 | B134: 25c5de5f5b286073c593edfd77b48abc7a48e5a4f3d4cd9d428ff935.55534443 | C134: =VLOOKUP(A134,'All float token'!A$2:B$64,2,FALSE) -> BTC | D134: =VLOOKUP(B134,'All float token'!A$2:B$64,2,FALSE) -> USDC
A135: 25c5de5f5b286073c593edfd77b48abc7a48e5a4f3d4cd9d428ff935.55534454 | B135: 25c5de5f5b286073c593edfd77b48abc7a48e5a4f3d4cd9d428ff935.55534443 | C135: =VLOOKUP(A135,'All float token'!A$2:B$64,2,FALSE) -> USDT | D135: =VLOOKUP(B135,'All float token'!A$2:B$64,2,FALSE) -> USDC
A136: 4cf6a914372155ec78f6643141e280d38e3bae4ffbf623765efce3de.4254435f4144415f4c51 | B136: 25c5de5f5b286073c593edfd77b48abc7a48e5a4f3d4cd9d428ff935.55534443 | C136: =VLOOKUP(A136,'All float token'!A$2:B$64,2,FALSE) -> [splLP]ADA.BTC.30 | D136: =VLOOKUP(B136,'All float token'!A$2:B$64,2,FALSE) -> USDC
A137: 6df63e2fdde8b2c3b3396265b0cc824aa4fb999396b1c154280f6b0c | B137: 25c5de5f5b286073c593edfd77b48abc7a48e5a4f3d4cd9d428ff935.55534443 | C137: =VLOOKUP(A137,'All float token'!A$2:B$64,2,FALSE) -> qDJED | D137: =VLOOKUP(B137,'All float token'!A$2:B$64,2,FALSE) -> USDC
A138: 6ebaa7305f90791b9fae1c0bbbc9a3a1820088b621e95193df396772.4254435f4144415f4c51 | B138: 25c5de5f5b286073c593edfd77b48abc7a48e5a4f3d4cd9d428ff935.55534443 | C138: =VLOOKUP(A138,'All float token'!A$2:B$64,2,FALSE) -> [splLP]ADA.BTC.50 | D138: =VLOOKUP(B138,'All float token'!A$2:B$64,2,FALSE) -> USDC
A139: 7a4d45e6b4e6835c4cea3968f291fab3704949cfd2f2dc1997c4eeec | B139: 25c5de5f5b286073c593edfd77b48abc7a48e5a4f3d4cd9d428ff935.55534443 | C139: =VLOOKUP(A139,'All float token'!A$2:B$64,2,FALSE) -> qUSDT | D139: =VLOOKUP(B139,'All float token'!A$2:B$64,2,FALSE) -> USDC
A140: 7b7976222e874b1ac7c34fc5a56563203f7562fb217068242f7f5059.446a65644d6963726f5553445f4144415f4c51 | B140: 25c5de5f5b286073c593edfd77b48abc7a48e5a4f3d4cd9d428ff935.55534443 | C140: =VLOOKUP(A140,'All float token'!A$2:B$64,2,FALSE) -> [splLP]ADA.DJED | D140: =VLOOKUP(B140,'All float token'!A$2:B$64,2,FALSE) -> USDC
A141: 8db269c3ec630e06ae29f74bc39edd1f87c819f1056206e879a1cd61.446a65644d6963726f555344 | B141: 25c5de5f5b286073c593edfd77b48abc7a48e5a4f3d4cd9d428ff935.55534443 | C141: =VLOOKUP(A141,'All float token'!A$2:B$64,2,FALSE) -> DJED | D141: =VLOOKUP(B141,'All float token'!A$2:B$64,2,FALSE) -> USDC
A142: 94dca24a1f1fcc2ff51cd90f32f4fe9e786d861a2dbf7d27598d26e8.134ab43b73bd6f5ae70534fe51194ad62618d39a539830ecef4f8e19 | B142: 25c5de5f5b286073c593edfd77b48abc7a48e5a4f3d4cd9d428ff935.55534443 | C142: =VLOOKUP(A142,'All float token'!A$2:B$64,2,FALSE) -> dBTC | D142: =VLOOKUP(B142,'All float token'!A$2:B$64,2,FALSE) -> USDC
... A161: fe7c786ab321f41c654ef6c1af7b3250a613c24e4213e0425a7ae456.55534441 | B161: 25c5de5f5b286073c593edfd77b48abc7a48e5a4f3d4cd9d428ff935.55534443 | C161: =VLOOKUP(A161,'All float token'!A$2:B$64,2,FALSE) -> USDA | D161: =VLOOKUP(B161,'All float token'!A$2:B$64,2,FALSE) -> USDC
B162: 25c5de5f5b286073c593edfd77b48abc7a48e5a4f3d4cd9d428ff935.425443 | C162: =VLOOKUP(A162,'All float token'!A$2:B$64,2,FALSE) -> #N/A | D162: =VLOOKUP(B162,'All float token'!A$2:B$64,2,FALSE) -> BTC
A163: 09f4212b4f1c4a2d1300866e8decec795abb8eb8bbdc34d2d66384fd.555344545f4144415f4c51 | B163: 25c5de5f5b286073c593edfd77b48abc7a48e5a4f3d4cd9d428ff935.425443 | C163: =VLOOKUP(A163,'All float token'!A$2:B$64,2,FALSE) -> [splLP]ADA.USDT | D163: =VLOOKUP(B163,'All float token'!A$2:B$64,2,FALSE) -> BTC
A164: 0a0a692605bed9e698a172a35adbdb70a04b40273c9043e1c4e4570a.0014efbfbd105553444d5f4144415f4c51 | B164: 25c5de5f5b286073c593edfd77b48abc7a48e5a4f3d4cd9d428ff935.425443 | C164: =VLOOKUP(A164,'All float token'!A$2:B$64,2,FALSE) -> [splLP]ADA.USDM.500 | D164: =VLOOKUP(B164,'All float token'!A$2:B$64,2,FALSE) -> BTC
A165: 0d91892d31eef2398d66e771a03feea04ca17cd26655c2cc1550514a.555344415f4144415f4c51 | B165: 25c5de5f5b286073c593edfd77b48abc7a48e5a4f3d4cd9d428ff935.425443 | C165: =VLOOKUP(A165,'All float token'!A$2:B$64,2,FALSE) -> [splLP]ADA.USDA | D165: =VLOOKUP(B165,'All float token'!A$2:B$64,2,FALSE) -> BTC
A166: 25c5de5f5b286073c593edfd77b48abc7a48e5a4f3d4cd9d428ff935.55534443 | B166: 25c5de5f5b286073c593edfd77b48abc7a48e5a4f3d4cd9d428ff935.425443 | C166: =VLOOKUP(A166,'All float token'!A$2:B$64,2,FALSE) -> USDC | D166: =VLOOKUP(B166,'All float token'!A$2:B$64,2,FALSE) -> BTC
A167: 25c5de5f5b286073c593edfd77b48abc7a48e5a4f3d4cd9d428ff935.55534454 | B167: 25c5de5f5b286073c593edfd77b48abc7a48e5a4f3d4cd9d428ff935.425443 | C167: =VLOOKUP(A167,'All float token'!A$2:B$64,2,FALSE) -> USDT | D167: =VLOOKUP(B167,'All float token'!A$2:B$64,2,FALSE) -> BTC
A168: 4cf6a914372155ec78f6643141e280d38e3bae4ffbf623765efce3de.4254435f4144415f4c51 | B168: 25c5de5f5b286073c593edfd77b48abc7a48e5a4f3d4cd9d428ff935.425443 | C168: =VLOOKUP(A168,'All float token'!A$2:B$64,2,FALSE) -> [splLP]ADA.BTC.30 | D168: =VLOOKUP(B168,'All float token'!A$2:B$64,2,FALSE) -> BTC
A169: 6df63e2fdde8b2c3b3396265b0cc824aa4fb999396b1c154280f6b0c | B169: 25c5de5f5b286073c593edfd77b48abc7a48e5a4f3d4cd9d428ff935.425443 | C169: =VLOOKUP(A169,'All float token'!A$2:B$64,2,FALSE) -> qDJED | D169: =VLOOKUP(B169,'All float token'!A$2:B$64,2,FALSE) -> BTC
A170: 6ebaa7305f90791b9fae1c0bbbc9a3a1820088b621e95193df396772.4254435f4144415f4c51 | B170: 25c5de5f5b286073c593edfd77b48abc7a48e5a4f3d4cd9d428ff935.425443 | C170: =VLOOKUP(A170,'All float token'!A$2:B$64,2,FALSE) -> [splLP]ADA.BTC.50 | D170: =VLOOKUP(B170,'All float token'!A$2:B$64,2,FALSE) -> BTC
A171: 7a4d45e6b4e6835c4cea3968f291fab3704949cfd2f2dc1997c4eeec | B171: 25c5de5f5b286073c593edfd77b48abc7a48e5a4f3d4cd9d428ff935.425443 | C171: =VLOOKUP(A171,'All float token'!A$2:B$64,2,FALSE) -> qUSDT | D171: =VLOOKUP(B171,'All float token'!A$2:B$64,2,FALSE) -> BTC
A172: 7b7976222e874b1ac7c34fc5a56563203f7562fb217068242f7f5059.446a65644d6963726f5553445f4144415f4c51 | B172: 25c5de5f5b286073c593edfd77b48abc7a48e5a4f3d4cd9d428ff935.425443 | C172: =VLOOKUP(A172,'All float token'!A$2:B$64,2,FALSE) -> [splLP]ADA.DJED | D172: =VLOOKUP(B172,'All float token'!A$2:B$64,2,FALSE) -> BTC
A173: 8db269c3ec630e06ae29f74bc39edd1f87c819f1056206e879a1cd61.446a65644d6963726f555344 | B173: 25c5de5f5b286073c593edfd77b48abc7a48e5a4f3d4cd9d428ff935.425443 | C173: =VLOOKUP(A173,'All float token'!A$2:B$64,2,FALSE) -> DJED | D173: =VLOOKUP(B173,'All float token'!A$2:B$64,2,FALSE) -> BTC
A174: 94dca24a1f1fcc2ff51cd90f32f4fe9e786d861a2dbf7d27598d26e8.2212068512d00ba78800e493bce47121d492043c864d896ea9f5ad5c | B174: 25c5de5f5b286073c593edfd77b48abc7a48e5a4f3d4cd9d428ff935.425443 | C174: =VLOOKUP(A174,'All float token'!A$2:B$64,2,FALSE) -> dUSDM | D174: =VLOOKUP(B174,'All float token'!A$2:B$64,2,FALSE) -> BTC
... A193: fe7c786ab321f41c654ef6c1af7b3250a613c24e4213e0425a7ae456.55534441 | B193: 25c5de5f5b286073c593edfd77b48abc7a48e5a4f3d4cd9d428ff935.425443 | C193: =VLOOKUP(A193,'All float token'!A$2:B$64,2,FALSE) -> USDA | D193: =VLOOKUP(B193,'All float token'!A$2:B$64,2,FALSE) -> BTC
B194: 25c5de5f5b286073c593edfd77b48abc7a48e5a4f3d4cd9d428ff935.55534454 | C194: =VLOOKUP(A194,'All float token'!A$2:B$64,2,FALSE) -> #N/A | D194: =VLOOKUP(B194,'All float token'!A$2:B$64,2,FALSE) -> USDT
A195: 09f4212b4f1c4a2d1300866e8decec795abb8eb8bbdc34d2d66384fd.555344545f4144415f4c51 | B195: 25c5de5f5b286073c593edfd77b48abc7a48e5a4f3d4cd9d428ff935.55534454 | C195: =VLOOKUP(A195,'All float token'!A$2:B$64,2,FALSE) -> [splLP]ADA.USDT | D195: =VLOOKUP(B195,'All float token'!A$2:B$64,2,FALSE) -> USDT
A196: 0a0a692605bed9e698a172a35adbdb70a04b40273c9043e1c4e4570a.0014efbfbd105553444d5f4144415f4c51 | B196: 25c5de5f5b286073c593edfd77b48abc7a48e5a4f3d4cd9d428ff935.55534454 | C196: =VLOOKUP(A196,'All float token'!A$2:B$64,2,FALSE) -> [splLP]ADA.USDM.500 | D196: =VLOOKUP(B196,'All float token'!A$2:B$64,2,FALSE) -> USDT
A197: 0d91892d31eef2398d66e771a03feea04ca17cd26655c2cc1550514a.555344415f4144415f4c51 | B197: 25c5de5f5b286073c593edfd77b48abc7a48e5a4f3d4cd9d428ff935.55534454 | C197: =VLOOKUP(A197,'All float token'!A$2:B$64,2,FALSE) -> [splLP]ADA.USDA | D197: =VLOOKUP(B197,'All float token'!A$2:B$64,2,FALSE) -> USDT
A198: 25c5de5f5b286073c593edfd77b48abc7a48e5a4f3d4cd9d428ff935.425443 | B198: 25c5de5f5b286073c593edfd77b48abc7a48e5a4f3d4cd9d428ff935.55534454 | C198: =VLOOKUP(A198,'All float token'!A$2:B$64,2,FALSE) -> BTC | D198: =VLOOKUP(B198,'All float token'!A$2:B$64,2,FALSE) -> USDT
A199: 25c5de5f5b286073c593edfd77b48abc7a48e5a4f3d4cd9d428ff935.55534443 | B199: 25c5de5f5b286073c593edfd77b48abc7a48e5a4f3d4cd9d428ff935.55534454 | C199: =VLOOKUP(A199,'All float token'!A$2:B$64,2,FALSE) -> USDC | D199: =VLOOKUP(B199,'All float token'!A$2:B$64,2,FALSE) -> USDT
A200: 4cf6a914372155ec78f6643141e280d38e3bae4ffbf623765efce3de.4254435f4144415f4c51 | B200: 25c5de5f5b286073c593edfd77b48abc7a48e5a4f3d4cd9d428ff935.55534454 | C200: =VLOOKUP(A200,'All float token'!A$2:B$64,2,FALSE) -> [splLP]ADA.BTC.30 | D200: =VLOOKUP(B200,'All float token'!A$2:B$64,2,FALSE) -> USDT
A201: 6df63e2fdde8b2c3b3396265b0cc824aa4fb999396b1c154280f6b0c | B201: 25c5de5f5b286073c593edfd77b48abc7a48e5a4f3d4cd9d428ff935.55534454 | C201: =VLOOKUP(A201,'All float token'!A$2:B$64,2,FALSE) -> qDJED | D201: =VLOOKUP(B201,'All float token'!A$2:B$64,2,FALSE) -> USDT
A202: 6ebaa7305f90791b9fae1c0bbbc9a3a1820088b621e95193df396772.4254435f4144415f4c51 | B202: 25c5de5f5b286073c593edfd77b48abc7a48e5a4f3d4cd9d428ff935.55534454 | C202: =VLOOKUP(A202,'All float token'!A$2:B$64,2,FALSE) -> [splLP]ADA.BTC.50 | D202: =VLOOKUP(B202,'All float token'!A$2:B$64,2,FALSE) -> USDT
A203: 7b7976222e874b1ac7c34fc5a56563203f7562fb217068242f7f5059.446a65644d6963726f5553445f4144415f4c51 | B203: 25c5de5f5b286073c593edfd77b48abc7a48e5a4f3d4cd9d428ff935.55534454 | C203: =VLOOKUP(A203,'All float token'!A$2:B$64,2,FALSE) -> [splLP]ADA.DJED | D203: =VLOOKUP(B203,'All float token'!A$2:B$64,2,FALSE) -> USDT
A204: 8db269c3ec630e06ae29f74bc39edd1f87c819f1056206e879a1cd61.446a65644d6963726f555344 | B204: 25c5de5f5b286073c593edfd77b48abc7a48e5a4f3d4cd9d428ff935.55534454 | C204: =VLOOKUP(A204,'All float token'!A$2:B$64,2,FALSE) -> DJED | D204: =VLOOKUP(B204,'All float token'!A$2:B$64,2,FALSE) -> USDT
A205: 94dca24a1f1fcc2ff51cd90f32f4fe9e786d861a2dbf7d27598d26e8.134ab43b73bd6f5ae70534fe51194ad62618d39a539830ecef4f8e19 | B205: 25c5de5f5b286073c593edfd77b48abc7a48e5a4f3d4cd9d428ff935.55534454 | C205: =VLOOKUP(A205,'All float token'!A$2:B$64,2,FALSE) -> dBTC | D205: =VLOOKUP(B205,'All float token'!A$2:B$64,2,FALSE) -> USDT
A206: 94dca24a1f1fcc2ff51cd90f32f4fe9e786d861a2dbf7d27598d26e8.2212068512d00ba78800e493bce47121d492043c864d896ea9f5ad5c | B206: 25c5de5f5b286073c593edfd77b48abc7a48e5a4f3d4cd9d428ff935.55534454 | C206: =VLOOKUP(A206,'All float token'!A$2:B$64,2,FALSE) -> dUSDM | D206: =VLOOKUP(B206,'All float token'!A$2:B$64,2,FALSE) -> USDT
... A225: fe7c786ab321f41c654ef6c1af7b3250a613c24e4213e0425a7ae456.55534441 | B225: 25c5de5f5b286073c593edfd77b48abc7a48e5a4f3d4cd9d428ff935.55534454 | C225: =VLOOKUP(A225,'All float token'!A$2:B$64,2,FALSE) -> USDA | D225: =VLOOKUP(B225,'All float token'!A$2:B$64,2,FALSE) -> USDT
A226: 9759bfd89ffa91652064f3a2ef66dcc5c52ca85b55e938ad29198f72 | C226: =VLOOKUP(A226,'All float token'!A$2:B$64,2,FALSE) -> sADA | D226: =VLOOKUP(B226,'All float token'!A$2:B$64,2,FALSE) -> #N/A
A227: a04ce7a52545e5e33c2867e148898d9e667a69602285f6a1298f9d68 | C227: =VLOOKUP(A227,'All float token'!A$2:B$64,2,FALSE) -> qADA | D227: =VLOOKUP(B227,'All float token'!A$2:B$64,2,FALSE) -> #N/A
...

Sheet ListTokenPairs-2
A1: baseToken | B1: quoteToken | C1: threshold | D1: isActive | E1: base token name | F1: quote token name
B2: 279c909f348e533da5808898f87f9a14bb2c3dfbbacccd631d927a3f.534e454b | C2: 8000 | D2: TRUE | E2: =IF(A2="","ADA",VLOOKUP(A2,'All float token'!A$2:B$64,2,FALSE)) -> ADA | F2: =IF(B2="","ADA",VLOOKUP(B2,'All float token'!A$2:B$64,2,FALSE)) -> Snek
A3: 09f4212b4f1c4a2d1300866e8decec795abb8eb8bbdc34d2d66384fd.555344545f4144415f4c51 | B3: 279c909f348e533da5808898f87f9a14bb2c3dfbbacccd631d927a3f.534e454b | C3: 8000 | D3: TRUE | E3: =IF(A3="","ADA",VLOOKUP(A3,'All float token'!A$2:B$64,2,FALSE)) -> [splLP]ADA.USDT | F3: =IF(B3="","ADA",VLOOKUP(B3,'All float token'!A$2:B$64,2,FALSE)) -> Snek
A4: 0a0a692605bed9e698a172a35adbdb70a04b40273c9043e1c4e4570a.0014efbfbd105553444d5f4144415f4c51 | B4: 279c909f348e533da5808898f87f9a14bb2c3dfbbacccd631d927a3f.534e454b | C4: 8000 | D4: TRUE | E4: =IF(A4="","ADA",VLOOKUP(A4,'All float token'!A$2:B$64,2,FALSE)) -> [splLP]ADA.USDM.500 | F4: =IF(B4="","ADA",VLOOKUP(B4,'All float token'!A$2:B$64,2,FALSE)) -> Snek
A5: 0d91892d31eef2398d66e771a03feea04ca17cd26655c2cc1550514a.555344415f4144415f4c51 | B5: 279c909f348e533da5808898f87f9a14bb2c3dfbbacccd631d927a3f.534e454b | C5: 8000 | D5: TRUE | E5: =IF(A5="","ADA",VLOOKUP(A5,'All float token'!A$2:B$64,2,FALSE)) -> [splLP]ADA.USDA | F5: =IF(B5="","ADA",VLOOKUP(B5,'All float token'!A$2:B$64,2,FALSE)) -> Snek
A6: 25c5de5f5b286073c593edfd77b48abc7a48e5a4f3d4cd9d428ff935.425443 | B6: 279c909f348e533da5808898f87f9a14bb2c3dfbbacccd631d927a3f.534e454b | C6: 8000 | D6: TRUE | E6: =IF(A6="","ADA",VLOOKUP(A6,'All float token'!A$2:B$64,2,FALSE)) -> BTC | F6: =IF(B6="","ADA",VLOOKUP(B6,'All float token'!A$2:B$64,2,FALSE)) -> Snek
A7: 25c5de5f5b286073c593edfd77b48abc7a48e5a4f3d4cd9d428ff935.55534443 | B7: 279c909f348e533da5808898f87f9a14bb2c3dfbbacccd631d927a3f.534e454b | C7: 8000 | D7: TRUE | E7: =IF(A7="","ADA",VLOOKUP(A7,'All float token'!A$2:B$64,2,FALSE)) -> USDC | F7: =IF(B7="","ADA",VLOOKUP(B7,'All float token'!A$2:B$64,2,FALSE)) -> Snek
A8: 25c5de5f5b286073c593edfd77b48abc7a48e5a4f3d4cd9d428ff935.55534454 | B8: 279c909f348e533da5808898f87f9a14bb2c3dfbbacccd631d927a3f.534e454b | C8: 8000 | D8: TRUE | E8: =IF(A8="","ADA",VLOOKUP(A8,'All float token'!A$2:B$64,2,FALSE)) -> USDT | F8: =IF(B8="","ADA",VLOOKUP(B8,'All float token'!A$2:B$64,2,FALSE)) -> Snek
A9: 2852268cf6e2db42e20f2fd3125f541e5d6c5a3d70b4dda17c2daa82 | B9: 279c909f348e533da5808898f87f9a14bb2c3dfbbacccd631d927a3f.534e454b | C9: 6000 | D9: TRUE | E9: =IF(A9="","ADA",VLOOKUP(A9,'All float token'!A$2:B$64,2,FALSE)) -> The O Token | F9: =IF(B9="","ADA",VLOOKUP(B9,'All float token'!A$2:B$64,2,FALSE)) -> Snek
A10: 29d222ce763455e3d7a09a665ce554f00ac89d2e99a1a83d267170c6.4d494e | B10: 279c909f348e533da5808898f87f9a14bb2c3dfbbacccd631d927a3f.534e454b | C10: 6000 | D10: TRUE | E10: =IF(A10="","ADA",VLOOKUP(A10,'All float token'!A$2:B$64,2,FALSE)) -> Minswap | F10: =IF(B10="","ADA",VLOOKUP(B10,'All float token'!A$2:B$64,2,FALSE)) -> Snek
A11: 2d9db8a89f074aa045eab177f23a3395f62ced8b53499a9e4ad46c80.464c4f57 | B11: 279c909f348e533da5808898f87f9a14bb2c3dfbbacccd631d927a3f.534e454b | C11: 6000 | D11: TRUE | E11: =IF(A11="","ADA",VLOOKUP(A11,'All float token'!A$2:B$64,2,FALSE)) -> FLOW | F11: =IF(B11="","ADA",VLOOKUP(B11,'All float token'!A$2:B$64,2,FALSE)) -> Snek
A12: 4cf6a914372155ec78f6643141e280d38e3bae4ffbf623765efce3de.4254435f4144415f4c51 | B12: 279c909f348e533da5808898f87f9a14bb2c3dfbbacccd631d927a3f.534e454b | C12: 8000 | D12: TRUE | E12: =IF(A12="","ADA",VLOOKUP(A12,'All float token'!A$2:B$64,2,FALSE)) -> [splLP]ADA.BTC.30 | F12: =IF(B12="","ADA",VLOOKUP(B12,'All float token'!A$2:B$64,2,FALSE)) -> Snek
A13: 533bb94a8850ee3ccbe483106489399112b74c905342cb1792a797a0.494e4459 | B13: 279c909f348e533da5808898f87f9a14bb2c3dfbbacccd631d927a3f.534e454b | C13: 6000 | D13: TRUE | E13: =IF(A13="","ADA",VLOOKUP(A13,'All float token'!A$2:B$64,2,FALSE)) -> Indigo DAO Token | F13: =IF(B13="","ADA",VLOOKUP(B13,'All float token'!A$2:B$64,2,FALSE)) -> Snek
A14: 577f0b1342f8f8f4aed3388b80a8535812950c7a892495c0ecdf0f1e.0014df10464c4454 | B14: 279c909f348e533da5808898f87f9a14bb2c3dfbbacccd631d927a3f.534e454b | C14: 6000 | D14: TRUE | E14: =IF(A14="","ADA",VLOOKUP(A14,'All float token'!A$2:B$64,2,FALSE)) -> FLDT | F14: =IF(B14="","ADA",VLOOKUP(B14,'All float token'!A$2:B$64,2,FALSE)) -> Snek
... A61: fe7c786ab321f41c654ef6c1af7b3250a613c24e4213e0425a7ae456.55534441 | B61: 279c909f348e533da5808898f87f9a14bb2c3dfbbacccd631d927a3f.534e454b | C61: 8000 | D61: TRUE | E61: =IF(A61="","ADA",VLOOKUP(A61,'All float token'!A$2:B$64,2,FALSE)) -> USDA | F61: =IF(B61="","ADA",VLOOKUP(B61,'All float token'!A$2:B$64,2,FALSE)) -> Snek
B62: f13ac4d66b3ee19a6aa0f2a22298737bd907cc95121662fc971b5275.535452494b45 | C62: 8000 | D62: TRUE | E62: =IF(A62="","ADA",VLOOKUP(A62,'All float token'!A$2:B$64,2,FALSE)) -> ADA | F62: =IF(B62="","ADA",VLOOKUP(B62,'All float token'!A$2:B$64,2,FALSE)) -> STRIKE
A63: 09f4212b4f1c4a2d1300866e8decec795abb8eb8bbdc34d2d66384fd.555344545f4144415f4c51 | B63: f13ac4d66b3ee19a6aa0f2a22298737bd907cc95121662fc971b5275.535452494b45 | C63: 8000 | D63: TRUE | E63: =IF(A63="","ADA",VLOOKUP(A63,'All float token'!A$2:B$64,2,FALSE)) -> [splLP]ADA.USDT | F63: =IF(B63="","ADA",VLOOKUP(B63,'All float token'!A$2:B$64,2,FALSE)) -> STRIKE
A64: 0a0a692605bed9e698a172a35adbdb70a04b40273c9043e1c4e4570a.0014efbfbd105553444d5f4144415f4c51 | B64: f13ac4d66b3ee19a6aa0f2a22298737bd907cc95121662fc971b5275.535452494b45 | C64: 8000 | D64: TRUE | E64: =IF(A64="","ADA",VLOOKUP(A64,'All float token'!A$2:B$64,2,FALSE)) -> [splLP]ADA.USDM.500 | F64: =IF(B64="","ADA",VLOOKUP(B64,'All float token'!A$2:B$64,2,FALSE)) -> STRIKE
A65: 0d91892d31eef2398d66e771a03feea04ca17cd26655c2cc1550514a.555344415f4144415f4c51 | B65: f13ac4d66b3ee19a6aa0f2a22298737bd907cc95121662fc971b5275.535452494b45 | C65: 8000 | D65: TRUE | E65: =IF(A65="","ADA",VLOOKUP(A65,'All float token'!A$2:B$64,2,FALSE)) -> [splLP]ADA.USDA | F65: =IF(B65="","ADA",VLOOKUP(B65,'All float token'!A$2:B$64,2,FALSE)) -> STRIKE
A66: 25c5de5f5b286073c593edfd77b48abc7a48e5a4f3d4cd9d428ff935.425443 | B66: f13ac4d66b3ee19a6aa0f2a22298737bd907cc95121662fc971b5275.535452494b45 | C66: 8000 | D66: TRUE | E66: =IF(A66="","ADA",VLOOKUP(A66,'All float token'!A$2:B$64,2,FALSE)) -> BTC | F66: =IF(B66="","ADA",VLOOKUP(B66,'All float token'!A$2:B$64,2,FALSE)) -> STRIKE
A67: 25c5de5f5b286073c593edfd77b48abc7a48e5a4f3d4cd9d428ff935.55534443 | B67: f13ac4d66b3ee19a6aa0f2a22298737bd907cc95121662fc971b5275.535452494b45 | C67: 8000 | D67: TRUE | E67: =IF(A67="","ADA",VLOOKUP(A67,'All float token'!A$2:B$64,2,FALSE)) -> USDC | F67: =IF(B67="","ADA",VLOOKUP(B67,'All float token'!A$2:B$64,2,FALSE)) -> STRIKE
A68: 25c5de5f5b286073c593edfd77b48abc7a48e5a4f3d4cd9d428ff935.55534454 | B68: f13ac4d66b3ee19a6aa0f2a22298737bd907cc95121662fc971b5275.535452494b45 | C68: 8000 | D68: TRUE | E68: =IF(A68="","ADA",VLOOKUP(A68,'All float token'!A$2:B$64,2,FALSE)) -> USDT | F68: =IF(B68="","ADA",VLOOKUP(B68,'All float token'!A$2:B$64,2,FALSE)) -> STRIKE
A69: 279c909f348e533da5808898f87f9a14bb2c3dfbbacccd631d927a3f.534e454b | B69: f13ac4d66b3ee19a6aa0f2a22298737bd907cc95121662fc971b5275.535452494b45 | C69: 6000 | D69: TRUE | E69: =IF(A69="","ADA",VLOOKUP(A69,'All float token'!A$2:B$64,2,FALSE)) -> Snek | F69: =IF(B69="","ADA",VLOOKUP(B69,'All float token'!A$2:B$64,2,FALSE)) -> STRIKE
A70: 2852268cf6e2db42e20f2fd3125f541e5d6c5a3d70b4dda17c2daa82 | B70: f13ac4d66b3ee19a6aa0f2a22298737bd907cc95121662fc971b5275.535452494b45 | C70: 6000 | D70: TRUE | E70: =IF(A70="","ADA",VLOOKUP(A70,'All float token'!A$2:B$64,2,FALSE)) -> The O Token | F70: =IF(B70="","ADA",VLOOKUP(B70,'All float token'!A$2:B$64,2,FALSE)) -> STRIKE
A71: 29d222ce763455e3d7a09a665ce554f00ac89d2e99a1a83d267170c6.4d494e | B71: f13ac4d66b3ee19a6aa0f2a22298737bd907cc95121662fc971b5275.535452494b45 | C71: 6000 | D71: TRUE | E71: =IF(A71="","ADA",VLOOKUP(A71,'All float token'!A$2:B$64,2,FALSE)) -> Minswap | F71: =IF(B71="","ADA",VLOOKUP(B71,'All float token'!A$2:B$64,2,FALSE)) -> STRIKE
A72: 2d9db8a89f074aa045eab177f23a3395f62ced8b53499a9e4ad46c80.464c4f57 | B72: f13ac4d66b3ee19a6aa0f2a22298737bd907cc95121662fc971b5275.535452494b45 | C72: 6000 | D72: TRUE | E72: =IF(A72="","ADA",VLOOKUP(A72,'All float token'!A$2:B$64,2,FALSE)) -> FLOW | F72: =IF(B72="","ADA",VLOOKUP(B72,'All float token'!A$2:B$64,2,FALSE)) -> STRIKE
A73: 4cf6a914372155ec78f6643141e280d38e3bae4ffbf623765efce3de.4254435f4144415f4c51 | B73: f13ac4d66b3ee19a6aa0f2a22298737bd907cc95121662fc971b5275.535452494b45 | C73: 8000 | D73: TRUE | E73: =IF(A73="","ADA",VLOOKUP(A73,'All float token'!A$2:B$64,2,FALSE)) -> [splLP]ADA.BTC.30 | F73: =IF(B73="","ADA",VLOOKUP(B73,'All float token'!A$2:B$64,2,FALSE)) -> STRIKE
A74: 533bb94a8850ee3ccbe483106489399112b74c905342cb1792a797a0.494e4459 | B74: f13ac4d66b3ee19a6aa0f2a22298737bd907cc95121662fc971b5275.535452494b45 | C74: 6000 | D74: TRUE | E74: =IF(A74="","ADA",VLOOKUP(A74,'All float token'!A$2:B$64,2,FALSE)) -> Indigo DAO Token | F74: =IF(B74="","ADA",VLOOKUP(B74,'All float token'!A$2:B$64,2,FALSE)) -> STRIKE
... A121: fe7c786ab321f41c654ef6c1af7b3250a613c24e4213e0425a7ae456.55534441 | B121: f13ac4d66b3ee19a6aa0f2a22298737bd907cc95121662fc971b5275.535452494b45 | C121: 8000 | D121: TRUE | E121: =IF(A121="","ADA",VLOOKUP(A121,'All float token'!A$2:B$64,2,FALSE)) -> USDA | F121: =IF(B121="","ADA",VLOOKUP(B121,'All float token'!A$2:B$64,2,FALSE)) -> STRIKE
B122: 5d16cc1a177b5d9ba9cfa9793b07e60f1fb70fea1f8aef064415d114.494147 | C122: 8000 | D122: TRUE | E122: =IF(A122="","ADA",VLOOKUP(A122,'All float token'!A$2:B$64,2,FALSE)) -> ADA | F122: =IF(B122="","ADA",VLOOKUP(B122,'All float token'!A$2:B$64,2,FALSE)) -> IAGON
A123: 09f4212b4f1c4a2d1300866e8decec795abb8eb8bbdc34d2d66384fd.555344545f4144415f4c51 | B123: 5d16cc1a177b5d9ba9cfa9793b07e60f1fb70fea1f8aef064415d114.494147 | C123: 8000 | D123: TRUE | E123: =IF(A123="","ADA",VLOOKUP(A123,'All float token'!A$2:B$64,2,FALSE)) -> [splLP]ADA.USDT | F123: =IF(B123="","ADA",VLOOKUP(B123,'All float token'!A$2:B$64,2,FALSE)) -> IAGON
A124: 0a0a692605bed9e698a172a35adbdb70a04b40273c9043e1c4e4570a.0014efbfbd105553444d5f4144415f4c51 | B124: 5d16cc1a177b5d9ba9cfa9793b07e60f1fb70fea1f8aef064415d114.494147 | C124: 8000 | D124: TRUE | E124: =IF(A124="","ADA",VLOOKUP(A124,'All float token'!A$2:B$64,2,FALSE)) -> [splLP]ADA.USDM.500 | F124: =IF(B124="","ADA",VLOOKUP(B124,'All float token'!A$2:B$64,2,FALSE)) -> IAGON
A125: 0d91892d31eef2398d66e771a03feea04ca17cd26655c2cc1550514a.555344415f4144415f4c51 | B125: 5d16cc1a177b5d9ba9cfa9793b07e60f1fb70fea1f8aef064415d114.494147 | C125: 8000 | D125: TRUE | E125: =IF(A125="","ADA",VLOOKUP(A125,'All float token'!A$2:B$64,2,FALSE)) -> [splLP]ADA.USDA | F125: =IF(B125="","ADA",VLOOKUP(B125,'All float token'!A$2:B$64,2,FALSE)) -> IAGON
A126: 25c5de5f5b286073c593edfd77b48abc7a48e5a4f3d4cd9d428ff935.425443 | B126: 5d16cc1a177b5d9ba9cfa9793b07e60f1fb70fea1f8aef064415d114.494147 | C126: 8000 | D126: TRUE | E126: =IF(A126="","ADA",VLOOKUP(A126,'All float token'!A$2:B$64,2,FALSE)) -> BTC | F126: =IF(B126="","ADA",VLOOKUP(B126,'All float token'!A$2:B$64,2,FALSE)) -> IAGON
A127: 25c5de5f5b286073c593edfd77b48abc7a48e5a4f3d4cd9d428ff935.55534443 | B127: 5d16cc1a177b5d9ba9cfa9793b07e60f1fb70fea1f8aef064415d114.494147 | C127: 8000 | D127: TRUE | E127: =IF(A127="","ADA",VLOOKUP(A127,'All float token'!A$2:B$64,2,FALSE)) -> USDC | F127: =IF(B127="","ADA",VLOOKUP(B127,'All float token'!A$2:B$64,2,FALSE)) -> IAGON
A128: 25c5de5f5b286073c593edfd77b48abc7a48e5a4f3d4cd9d428ff935.55534454 | B128: 5d16cc1a177b5d9ba9cfa9793b07e60f1fb70fea1f8aef064415d114.494147 | C128: 8000 | D128: TRUE | E128: =IF(A128="","ADA",VLOOKUP(A128,'All float token'!A$2:B$64,2,FALSE)) -> USDT | F128: =IF(B128="","ADA",VLOOKUP(B128,'All float token'!A$2:B$64,2,FALSE)) -> IAGON
A129: 279c909f348e533da5808898f87f9a14bb2c3dfbbacccd631d927a3f.534e454b | B129: 5d16cc1a177b5d9ba9cfa9793b07e60f1fb70fea1f8aef064415d114.494147 | C129: 6000 | D129: TRUE | E129: =IF(A129="","ADA",VLOOKUP(A129,'All float token'!A$2:B$64,2,FALSE)) -> Snek | F129: =IF(B129="","ADA",VLOOKUP(B129,'All float token'!A$2:B$64,2,FALSE)) -> IAGON
A130: 2852268cf6e2db42e20f2fd3125f541e5d6c5a3d70b4dda17c2daa82 | B130: 5d16cc1a177b5d9ba9cfa9793b07e60f1fb70fea1f8aef064415d114.494147 | C130: 6000 | D130: TRUE | E130: =IF(A130="","ADA",VLOOKUP(A130,'All float token'!A$2:B$64,2,FALSE)) -> The O Token | F130: =IF(B130="","ADA",VLOOKUP(B130,'All float token'!A$2:B$64,2,FALSE)) -> IAGON
A131: 29d222ce763455e3d7a09a665ce554f00ac89d2e99a1a83d267170c6.4d494e | B131: 5d16cc1a177b5d9ba9cfa9793b07e60f1fb70fea1f8aef064415d114.494147 | C131: 6000 | D131: TRUE | E131: =IF(A131="","ADA",VLOOKUP(A131,'All float token'!A$2:B$64,2,FALSE)) -> Minswap | F131: =IF(B131="","ADA",VLOOKUP(B131,'All float token'!A$2:B$64,2,FALSE)) -> IAGON
A132: 2d9db8a89f074aa045eab177f23a3395f62ced8b53499a9e4ad46c80.464c4f57 | B132: 5d16cc1a177b5d9ba9cfa9793b07e60f1fb70fea1f8aef064415d114.494147 | C132: 6000 | D132: TRUE | E132: =IF(A132="","ADA",VLOOKUP(A132,'All float token'!A$2:B$64,2,FALSE)) -> FLOW | F132: =IF(B132="","ADA",VLOOKUP(B132,'All float token'!A$2:B$64,2,FALSE)) -> IAGON
A133: 4cf6a914372155ec78f6643141e280d38e3bae4ffbf623765efce3de.4254435f4144415f4c51 | B133: 5d16cc1a177b5d9ba9cfa9793b07e60f1fb70fea1f8aef064415d114.494147 | C133: 8000 | D133: TRUE | E133: =IF(A133="","ADA",VLOOKUP(A133,'All float token'!A$2:B$64,2,FALSE)) -> [splLP]ADA.BTC.30 | F133: =IF(B133="","ADA",VLOOKUP(B133,'All float token'!A$2:B$64,2,FALSE)) -> IAGON
A134: 533bb94a8850ee3ccbe483106489399112b74c905342cb1792a797a0.494e4459 | B134: 5d16cc1a177b5d9ba9cfa9793b07e60f1fb70fea1f8aef064415d114.494147 | C134: 6000 | D134: TRUE | E134: =IF(A134="","ADA",VLOOKUP(A134,'All float token'!A$2:B$64,2,FALSE)) -> Indigo DAO Token | F134: =IF(B134="","ADA",VLOOKUP(B134,'All float token'!A$2:B$64,2,FALSE)) -> IAGON
... A181: fe7c786ab321f41c654ef6c1af7b3250a613c24e4213e0425a7ae456.55534441 | B181: 5d16cc1a177b5d9ba9cfa9793b07e60f1fb70fea1f8aef064415d114.494147 | C181: 8000 | D181: TRUE | E181: =IF(A181="","ADA",VLOOKUP(A181,'All float token'!A$2:B$64,2,FALSE)) -> USDA | F181: =IF(B181="","ADA",VLOOKUP(B181,'All float token'!A$2:B$64,2,FALSE)) -> IAGON
B182: 2d9db8a89f074aa045eab177f23a3395f62ced8b53499a9e4ad46c80.464c4f57 | C182: 8000 | D182: TRUE | E182: =IF(A182="","ADA",VLOOKUP(A182,'All float token'!A$2:B$64,2,FALSE)) -> ADA | F182: =IF(B182="","ADA",VLOOKUP(B182,'All float token'!A$2:B$64,2,FALSE)) -> FLOW
A183: 09f4212b4f1c4a2d1300866e8decec795abb8eb8bbdc34d2d66384fd.555344545f4144415f4c51 | B183: 2d9db8a89f074aa045eab177f23a3395f62ced8b53499a9e4ad46c80.464c4f57 | C183: 8000 | D183: TRUE | E183: =IF(A183="","ADA",VLOOKUP(A183,'All float token'!A$2:B$64,2,FALSE)) -> [splLP]ADA.USDT | F183: =IF(B183="","ADA",VLOOKUP(B183,'All float token'!A$2:B$64,2,FALSE)) -> FLOW
A184: 0a0a692605bed9e698a172a35adbdb70a04b40273c9043e1c4e4570a.0014efbfbd105553444d5f4144415f4c51 | B184: 2d9db8a89f074aa045eab177f23a3395f62ced8b53499a9e4ad46c80.464c4f57 | C184: 8000 | D184: TRUE | E184: =IF(A184="","ADA",VLOOKUP(A184,'All float token'!A$2:B$64,2,FALSE)) -> [splLP]ADA.USDM.500 | F184: =IF(B184="","ADA",VLOOKUP(B184,'All float token'!A$2:B$64,2,FALSE)) -> FLOW
A185: 0d91892d31eef2398d66e771a03feea04ca17cd26655c2cc1550514a.555344415f4144415f4c51 | B185: 2d9db8a89f074aa045eab177f23a3395f62ced8b53499a9e4ad46c80.464c4f57 | C185: 8000 | D185: TRUE | E185: =IF(A185="","ADA",VLOOKUP(A185,'All float token'!A$2:B$64,2,FALSE)) -> [splLP]ADA.USDA | F185: =IF(B185="","ADA",VLOOKUP(B185,'All float token'!A$2:B$64,2,FALSE)) -> FLOW
A186: 25c5de5f5b286073c593edfd77b48abc7a48e5a4f3d4cd9d428ff935.425443 | B186: 2d9db8a89f074aa045eab177f23a3395f62ced8b53499a9e4ad46c80.464c4f57 | C186: 8000 | D186: TRUE | E186: =IF(A186="","ADA",VLOOKUP(A186,'All float token'!A$2:B$64,2,FALSE)) -> BTC | F186: =IF(B186="","ADA",VLOOKUP(B186,'All float token'!A$2:B$64,2,FALSE)) -> FLOW
A187: 25c5de5f5b286073c593edfd77b48abc7a48e5a4f3d4cd9d428ff935.55534443 | B187: 2d9db8a89f074aa045eab177f23a3395f62ced8b53499a9e4ad46c80.464c4f57 | C187: 8000 | D187: TRUE | E187: =IF(A187="","ADA",VLOOKUP(A187,'All float token'!A$2:B$64,2,FALSE)) -> USDC | F187: =IF(B187="","ADA",VLOOKUP(B187,'All float token'!A$2:B$64,2,FALSE)) -> FLOW
A188: 25c5de5f5b286073c593edfd77b48abc7a48e5a4f3d4cd9d428ff935.55534454 | B188: 2d9db8a89f074aa045eab177f23a3395f62ced8b53499a9e4ad46c80.464c4f57 | C188: 8000 | D188: TRUE | E188: =IF(A188="","ADA",VLOOKUP(A188,'All float token'!A$2:B$64,2,FALSE)) -> USDT | F188: =IF(B188="","ADA",VLOOKUP(B188,'All float token'!A$2:B$64,2,FALSE)) -> FLOW
A189: 279c909f348e533da5808898f87f9a14bb2c3dfbbacccd631d927a3f.534e454b | B189: 2d9db8a89f074aa045eab177f23a3395f62ced8b53499a9e4ad46c80.464c4f57 | C189: 6000 | D189: TRUE | E189: =IF(A189="","ADA",VLOOKUP(A189,'All float token'!A$2:B$64,2,FALSE)) -> Snek | F189: =IF(B189="","ADA",VLOOKUP(B189,'All float token'!A$2:B$64,2,FALSE)) -> FLOW
A190: 2852268cf6e2db42e20f2fd3125f541e5d6c5a3d70b4dda17c2daa82 | B190: 2d9db8a89f074aa045eab177f23a3395f62ced8b53499a9e4ad46c80.464c4f57 | C190: 6000 | D190: TRUE | E190: =IF(A190="","ADA",VLOOKUP(A190,'All float token'!A$2:B$64,2,FALSE)) -> The O Token | F190: =IF(B190="","ADA",VLOOKUP(B190,'All float token'!A$2:B$64,2,FALSE)) -> FLOW
A191: 29d222ce763455e3d7a09a665ce554f00ac89d2e99a1a83d267170c6.4d494e | B191: 2d9db8a89f074aa045eab177f23a3395f62ced8b53499a9e4ad46c80.464c4f57 | C191: 6000 | D191: TRUE | E191: =IF(A191="","ADA",VLOOKUP(A191,'All float token'!A$2:B$64,2,FALSE)) -> Minswap | F191: =IF(B191="","ADA",VLOOKUP(B191,'All float token'!A$2:B$64,2,FALSE)) -> FLOW
A192: 4cf6a914372155ec78f6643141e280d38e3bae4ffbf623765efce3de.4254435f4144415f4c51 | B192: 2d9db8a89f074aa045eab177f23a3395f62ced8b53499a9e4ad46c80.464c4f57 | C192: 8000 | D192: TRUE | E192: =IF(A192="","ADA",VLOOKUP(A192,'All float token'!A$2:B$64,2,FALSE)) -> [splLP]ADA.BTC.30 | F192: =IF(B192="","ADA",VLOOKUP(B192,'All float token'!A$2:B$64,2,FALSE)) -> FLOW
A193: 533bb94a8850ee3ccbe483106489399112b74c905342cb1792a797a0.494e4459 | B193: 2d9db8a89f074aa045eab177f23a3395f62ced8b53499a9e4ad46c80.464c4f57 | C193: 6000 | D193: TRUE | E193: =IF(A193="","ADA",VLOOKUP(A193,'All float token'!A$2:B$64,2,FALSE)) -> Indigo DAO Token | F193: =IF(B193="","ADA",VLOOKUP(B193,'All float token'!A$2:B$64,2,FALSE)) -> FLOW
A194: 577f0b1342f8f8f4aed3388b80a8535812950c7a892495c0ecdf0f1e.0014df10464c4454 | B194: 2d9db8a89f074aa045eab177f23a3395f62ced8b53499a9e4ad46c80.464c4f57 | C194: 6000 | D194: TRUE | E194: =IF(A194="","ADA",VLOOKUP(A194,'All float token'!A$2:B$64,2,FALSE)) -> FLDT | F194: =IF(B194="","ADA",VLOOKUP(B194,'All float token'!A$2:B$64,2,FALSE)) -> FLOW
... A241: fe7c786ab321f41c654ef6c1af7b3250a613c24e4213e0425a7ae456.55534441 | B241: 2d9db8a89f074aa045eab177f23a3395f62ced8b53499a9e4ad46c80.464c4f57 | C241: 8000 | D241: TRUE | E241: =IF(A241="","ADA",VLOOKUP(A241,'All float token'!A$2:B$64,2,FALSE)) -> USDA | F241: =IF(B241="","ADA",VLOOKUP(B241,'All float token'!A$2:B$64,2,FALSE)) -> FLOW
B242: 5deab590a137066fef0e56f06ef1b830f21bc5d544661ba570bdd2ae.424f44454741 | C242: 8000 | D242: TRUE | E242: =IF(A242="","ADA",VLOOKUP(A242,'All float token'!A$2:B$64,2,FALSE)) -> ADA | F242: =IF(B242="","ADA",VLOOKUP(B242,'All float token'!A$2:B$64,2,FALSE)) -> BODEGA
A243: 09f4212b4f1c4a2d1300866e8decec795abb8eb8bbdc34d2d66384fd.555344545f4144415f4c51 | B243: 5deab590a137066fef0e56f06ef1b830f21bc5d544661ba570bdd2ae.424f44454741 | C243: 8000 | D243: TRUE | E243: =IF(A243="","ADA",VLOOKUP(A243,'All float token'!A$2:B$64,2,FALSE)) -> [splLP]ADA.USDT | F243: =IF(B243="","ADA",VLOOKUP(B243,'All float token'!A$2:B$64,2,FALSE)) -> BODEGA
A244: 0a0a692605bed9e698a172a35adbdb70a04b40273c9043e1c4e4570a.0014efbfbd105553444d5f4144415f4c51 | B244: 5deab590a137066fef0e56f06ef1b830f21bc5d544661ba570bdd2ae.424f44454741 | C244: 8000 | D244: TRUE | E244: =IF(A244="","ADA",VLOOKUP(A244,'All float token'!A$2:B$64,2,FALSE)) -> [splLP]ADA.USDM.500 | F244: =IF(B244="","ADA",VLOOKUP(B244,'All float token'!A$2:B$64,2,FALSE)) -> BODEGA
A245: 0d91892d31eef2398d66e771a03feea04ca17cd26655c2cc1550514a.555344415f4144415f4c51 | B245: 5deab590a137066fef0e56f06ef1b830f21bc5d544661ba570bdd2ae.424f44454741 | C245: 8000 | D245: TRUE | E245: =IF(A245="","ADA",VLOOKUP(A245,'All float token'!A$2:B$64,2,FALSE)) -> [splLP]ADA.USDA | F245: =IF(B245="","ADA",VLOOKUP(B245,'All float token'!A$2:B$64,2,FALSE)) -> BODEGA
A246: 25c5de5f5b286073c593edfd77b48abc7a48e5a4f3d4cd9d428ff935.425443 | B246: 5deab590a137066fef0e56f06ef1b830f21bc5d544661ba570bdd2ae.424f44454741 | C246: 8000 | D246: TRUE | E246: =IF(A246="","ADA",VLOOKUP(A246,'All float token'!A$2:B$64,2,FALSE)) -> BTC | F246: =IF(B246="","ADA",VLOOKUP(B246,'All float token'!A$2:B$64,2,FALSE)) -> BODEGA
A247: 25c5de5f5b286073c593edfd77b48abc7a48e5a4f3d4cd9d428ff935.55534443 | B247: 5deab590a137066fef0e56f06ef1b830f21bc5d544661ba570bdd2ae.424f44454741 | C247: 8000 | D247: TRUE | E247: =IF(A247="","ADA",VLOOKUP(A247,'All float token'!A$2:B$64,2,FALSE)) -> USDC | F247: =IF(B247="","ADA",VLOOKUP(B247,'All float token'!A$2:B$64,2,FALSE)) -> BODEGA
A248: 25c5de5f5b286073c593edfd77b48abc7a48e5a4f3d4cd9d428ff935.55534454 | B248: 5deab590a137066fef0e56f06ef1b830f21bc5d544661ba570bdd2ae.424f44454741 | C248: 8000 | D248: TRUE | E248: =IF(A248="","ADA",VLOOKUP(A248,'All float token'!A$2:B$64,2,FALSE)) -> USDT | F248: =IF(B248="","ADA",VLOOKUP(B248,'All float token'!A$2:B$64,2,FALSE)) -> BODEGA
A249: 279c909f348e533da5808898f87f9a14bb2c3dfbbacccd631d927a3f.534e454b | B249: 5deab590a137066fef0e56f06ef1b830f21bc5d544661ba570bdd2ae.424f44454741 | C249: 6000 | D249: TRUE | E249: =IF(A249="","ADA",VLOOKUP(A249,'All float token'!A$2:B$64,2,FALSE)) -> Snek | F249: =IF(B249="","ADA",VLOOKUP(B249,'All float token'!A$2:B$64,2,FALSE)) -> BODEGA
A250: 2852268cf6e2db42e20f2fd3125f541e5d6c5a3d70b4dda17c2daa82 | B250: 5deab590a137066fef0e56f06ef1b830f21bc5d544661ba570bdd2ae.424f44454741 | C250: 6000 | D250: TRUE | E250: =IF(A250="","ADA",VLOOKUP(A250,'All float token'!A$2:B$64,2,FALSE)) -> The O Token | F250: =IF(B250="","ADA",VLOOKUP(B250,'All float token'!A$2:B$64,2,FALSE)) -> BODEGA
A251: 29d222ce763455e3d7a09a665ce554f00ac89d2e99a1a83d267170c6.4d494e | B251: 5deab590a137066fef0e56f06ef1b830f21bc5d544661ba570bdd2ae.424f44454741 | C251: 6000 | D251: TRUE | E251: =IF(A251="","ADA",VLOOKUP(A251,'All float token'!A$2:B$64,2,FALSE)) -> Minswap | F251: =IF(B251="","ADA",VLOOKUP(B251,'All float token'!A$2:B$64,2,FALSE)) -> BODEGA
A252: 2d9db8a89f074aa045eab177f23a3395f62ced8b53499a9e4ad46c80.464c4f57 | B252: 5deab590a137066fef0e56f06ef1b830f21bc5d544661ba570bdd2ae.424f44454741 | C252: 6000 | D252: TRUE | E252: =IF(A252="","ADA",VLOOKUP(A252,'All float token'!A$2:B$64,2,FALSE)) -> FLOW | F252: =IF(B252="","ADA",VLOOKUP(B252,'All float token'!A$2:B$64,2,FALSE)) -> BODEGA
A253: 4cf6a914372155ec78f6643141e280d38e3bae4ffbf623765efce3de.4254435f4144415f4c51 | B253: 5deab590a137066fef0e56f06ef1b830f21bc5d544661ba570bdd2ae.424f44454741 | C253: 8000 | D253: TRUE | E253: =IF(A253="","ADA",VLOOKUP(A253,'All float token'!A$2:B$64,2,FALSE)) -> [splLP]ADA.BTC.30 | F253: =IF(B253="","ADA",VLOOKUP(B253,'All float token'!A$2:B$64,2,FALSE)) -> BODEGA
A254: 533bb94a8850ee3ccbe483106489399112b74c905342cb1792a797a0.494e4459 | B254: 5deab590a137066fef0e56f06ef1b830f21bc5d544661ba570bdd2ae.424f44454741 | C254: 6000 | D254: TRUE | E254: =IF(A254="","ADA",VLOOKUP(A254,'All float token'!A$2:B$64,2,FALSE)) -> Indigo DAO Token | F254: =IF(B254="","ADA",VLOOKUP(B254,'All float token'!A$2:B$64,2,FALSE)) -> BODEGA
... A301: fe7c786ab321f41c654ef6c1af7b3250a613c24e4213e0425a7ae456.55534441 | B301: 5deab590a137066fef0e56f06ef1b830f21bc5d544661ba570bdd2ae.424f44454741 | C301: 8000 | D301: TRUE | E301: =IF(A301="","ADA",VLOOKUP(A301,'All float token'!A$2:B$64,2,FALSE)) -> USDA | F301: =IF(B301="","ADA",VLOOKUP(B301,'All float token'!A$2:B$64,2,FALSE)) -> BODEGA
B302: 29d222ce763455e3d7a09a665ce554f00ac89d2e99a1a83d267170c6.4d494e | C302: 8000 | D302: TRUE | E302: =IF(A302="","ADA",VLOOKUP(A302,'All float token'!A$2:B$64,2,FALSE)) -> ADA | F302: =IF(B302="","ADA",VLOOKUP(B302,'All float token'!A$2:B$64,2,FALSE)) -> Minswap
A303: 09f4212b4f1c4a2d1300866e8decec795abb8eb8bbdc34d2d66384fd.555344545f4144415f4c51 | B303: 29d222ce763455e3d7a09a665ce554f00ac89d2e99a1a83d267170c6.4d494e | C303: 8000 | D303: TRUE | E303: =IF(A303="","ADA",VLOOKUP(A303,'All float token'!A$2:B$64,2,FALSE)) -> [splLP]ADA.USDT | F303: =IF(B303="","ADA",VLOOKUP(B303,'All float token'!A$2:B$64,2,FALSE)) -> Minswap
A304: 0a0a692605bed9e698a172a35adbdb70a04b40273c9043e1c4e4570a.0014efbfbd105553444d5f4144415f4c51 | B304: 29d222ce763455e3d7a09a665ce554f00ac89d2e99a1a83d267170c6.4d494e | C304: 8000 | D304: TRUE | E304: =IF(A304="","ADA",VLOOKUP(A304,'All float token'!A$2:B$64,2,FALSE)) -> [splLP]ADA.USDM.500 | F304: =IF(B304="","ADA",VLOOKUP(B304,'All float token'!A$2:B$64,2,FALSE)) -> Minswap
A305: 0d91892d31eef2398d66e771a03feea04ca17cd26655c2cc1550514a.555344415f4144415f4c51 | B305: 29d222ce763455e3d7a09a665ce554f00ac89d2e99a1a83d267170c6.4d494e | C305: 8000 | D305: TRUE | E305: =IF(A305="","ADA",VLOOKUP(A305,'All float token'!A$2:B$64,2,FALSE)) -> [splLP]ADA.USDA | F305: =IF(B305="","ADA",VLOOKUP(B305,'All float token'!A$2:B$64,2,FALSE)) -> Minswap
A306: 25c5de5f5b286073c593edfd77b48abc7a48e5a4f3d4cd9d428ff935.425443 | B306: 29d222ce763455e3d7a09a665ce554f00ac89d2e99a1a83d267170c6.4d494e | C306: 8000 | D306: TRUE | E306: =IF(A306="","ADA",VLOOKUP(A306,'All float token'!A$2:B$64,2,FALSE)) -> BTC | F306: =IF(B306="","ADA",VLOOKUP(B306,'All float token'!A$2:B$64,2,FALSE)) -> Minswap
A307: 25c5de5f5b286073c593edfd77b48abc7a48e5a4f3d4cd9d428ff935.55534443 | B307: 29d222ce763455e3d7a09a665ce554f00ac89d2e99a1a83d267170c6.4d494e | C307: 8000 | D307: TRUE | E307: =IF(A307="","ADA",VLOOKUP(A307,'All float token'!A$2:B$64,2,FALSE)) -> USDC | F307: =IF(B307="","ADA",VLOOKUP(B307,'All float token'!A$2:B$64,2,FALSE)) -> Minswap
A308: 25c5de5f5b286073c593edfd77b48abc7a48e5a4f3d4cd9d428ff935.55534454 | B308: 29d222ce763455e3d7a09a665ce554f00ac89d2e99a1a83d267170c6.4d494e | C308: 8000 | D308: TRUE | E308: =IF(A308="","ADA",VLOOKUP(A308,'All float token'!A$2:B$64,2,FALSE)) -> USDT | F308: =IF(B308="","ADA",VLOOKUP(B308,'All float token'!A$2:B$64,2,FALSE)) -> Minswap
A309: 279c909f348e533da5808898f87f9a14bb2c3dfbbacccd631d927a3f.534e454b | B309: 29d222ce763455e3d7a09a665ce554f00ac89d2e99a1a83d267170c6.4d494e | C309: 6000 | D309: TRUE | E309: =IF(A309="","ADA",VLOOKUP(A309,'All float token'!A$2:B$64,2,FALSE)) -> Snek | F309: =IF(B309="","ADA",VLOOKUP(B309,'All float token'!A$2:B$64,2,FALSE)) -> Minswap
A310: 2852268cf6e2db42e20f2fd3125f541e5d6c5a3d70b4dda17c2daa82 | B310: 29d222ce763455e3d7a09a665ce554f00ac89d2e99a1a83d267170c6.4d494e | C310: 6000 | D310: TRUE | E310: =IF(A310="","ADA",VLOOKUP(A310,'All float token'!A$2:B$64,2,FALSE)) -> The O Token | F310: =IF(B310="","ADA",VLOOKUP(B310,'All float token'!A$2:B$64,2,FALSE)) -> Minswap
A311: 2d9db8a89f074aa045eab177f23a3395f62ced8b53499a9e4ad46c80.464c4f57 | B311: 29d222ce763455e3d7a09a665ce554f00ac89d2e99a1a83d267170c6.4d494e | C311: 6000 | D311: TRUE | E311: =IF(A311="","ADA",VLOOKUP(A311,'All float token'!A$2:B$64,2,FALSE)) -> FLOW | F311: =IF(B311="","ADA",VLOOKUP(B311,'All float token'!A$2:B$64,2,FALSE)) -> Minswap
A312: 4cf6a914372155ec78f6643141e280d38e3bae4ffbf623765efce3de.4254435f4144415f4c51 | B312: 29d222ce763455e3d7a09a665ce554f00ac89d2e99a1a83d267170c6.4d494e | C312: 8000 | D312: TRUE | E312: =IF(A312="","ADA",VLOOKUP(A312,'All float token'!A$2:B$64,2,FALSE)) -> [splLP]ADA.BTC.30 | F312: =IF(B312="","ADA",VLOOKUP(B312,'All float token'!A$2:B$64,2,FALSE)) -> Minswap
A313: 533bb94a8850ee3ccbe483106489399112b74c905342cb1792a797a0.494e4459 | B313: 29d222ce763455e3d7a09a665ce554f00ac89d2e99a1a83d267170c6.4d494e | C313: 6000 | D313: TRUE | E313: =IF(A313="","ADA",VLOOKUP(A313,'All float token'!A$2:B$64,2,FALSE)) -> Indigo DAO Token | F313: =IF(B313="","ADA",VLOOKUP(B313,'All float token'!A$2:B$64,2,FALSE)) -> Minswap
A314: 577f0b1342f8f8f4aed3388b80a8535812950c7a892495c0ecdf0f1e.0014df10464c4454 | B314: 29d222ce763455e3d7a09a665ce554f00ac89d2e99a1a83d267170c6.4d494e | C314: 6000 | D314: TRUE | E314: =IF(A314="","ADA",VLOOKUP(A314,'All float token'!A$2:B$64,2,FALSE)) -> FLDT | F314: =IF(B314="","ADA",VLOOKUP(B314,'All float token'!A$2:B$64,2,FALSE)) -> Minswap
... A360: fe7c786ab321f41c654ef6c1af7b3250a613c24e4213e0425a7ae456.55534441 | B360: 29d222ce763455e3d7a09a665ce554f00ac89d2e99a1a83d267170c6.4d494e | C360: 8000 | D360: TRUE | E360: =IF(A360="","ADA",VLOOKUP(A360,'All float token'!A$2:B$64,2,FALSE)) -> USDA | F360: =IF(B360="","ADA",VLOOKUP(B360,'All float token'!A$2:B$64,2,FALSE)) -> Minswap
B361: da8c30857834c6ae7203935b89278c532b3995245295456f993e1d24.4c51 | C361: 8000 | D361: TRUE | E361: =IF(A361="","ADA",VLOOKUP(A361,'All float token'!A$2:B$64,2,FALSE)) -> ADA | F361: =IF(B361="","ADA",VLOOKUP(B361,'All float token'!A$2:B$64,2,FALSE)) -> Liqwid DAO Token
A362: 09f4212b4f1c4a2d1300866e8decec795abb8eb8bbdc34d2d66384fd.555344545f4144415f4c51 | B362: da8c30857834c6ae7203935b89278c532b3995245295456f993e1d24.4c51 | C362: 8000 | D362: TRUE | E362: =IF(A362="","ADA",VLOOKUP(A362,'All float token'!A$2:B$64,2,FALSE)) -> [splLP]ADA.USDT | F362: =IF(B362="","ADA",VLOOKUP(B362,'All float token'!A$2:B$64,2,FALSE)) -> Liqwid DAO Token
A363: 0a0a692605bed9e698a172a35adbdb70a04b40273c9043e1c4e4570a.0014efbfbd105553444d5f4144415f4c51 | B363: da8c30857834c6ae7203935b89278c532b3995245295456f993e1d24.4c51 | C363: 8000 | D363: TRUE | E363: =IF(A363="","ADA",VLOOKUP(A363,'All float token'!A$2:B$64,2,FALSE)) -> [splLP]ADA.USDM.500 | F363: =IF(B363="","ADA",VLOOKUP(B363,'All float token'!A$2:B$64,2,FALSE)) -> Liqwid DAO Token
A364: 0d91892d31eef2398d66e771a03feea04ca17cd26655c2cc1550514a.555344415f4144415f4c51 | B364: da8c30857834c6ae7203935b89278c532b3995245295456f993e1d24.4c51 | C364: 8000 | D364: TRUE | E364: =IF(A364="","ADA",VLOOKUP(A364,'All float token'!A$2:B$64,2,FALSE)) -> [splLP]ADA.USDA | F364: =IF(B364="","ADA",VLOOKUP(B364,'All float token'!A$2:B$64,2,FALSE)) -> Liqwid DAO Token
A365: 25c5de5f5b286073c593edfd77b48abc7a48e5a4f3d4cd9d428ff935.425443 | B365: da8c30857834c6ae7203935b89278c532b3995245295456f993e1d24.4c51 | C365: 8000 | D365: TRUE | E365: =IF(A365="","ADA",VLOOKUP(A365,'All float token'!A$2:B$64,2,FALSE)) -> BTC | F365: =IF(B365="","ADA",VLOOKUP(B365,'All float token'!A$2:B$64,2,FALSE)) -> Liqwid DAO Token
A366: 25c5de5f5b286073c593edfd77b48abc7a48e5a4f3d4cd9d428ff935.55534443 | B366: da8c30857834c6ae7203935b89278c532b3995245295456f993e1d24.4c51 | C366: 8000 | D366: TRUE | E366: =IF(A366="","ADA",VLOOKUP(A366,'All float token'!A$2:B$64,2,FALSE)) -> USDC | F366: =IF(B366="","ADA",VLOOKUP(B366,'All float token'!A$2:B$64,2,FALSE)) -> Liqwid DAO Token
A367: 25c5de5f5b286073c593edfd77b48abc7a48e5a4f3d4cd9d428ff935.55534454 | B367: da8c30857834c6ae7203935b89278c532b3995245295456f993e1d24.4c51 | C367: 8000 | D367: TRUE | E367: =IF(A367="","ADA",VLOOKUP(A367,'All float token'!A$2:B$64,2,FALSE)) -> USDT | F367: =IF(B367="","ADA",VLOOKUP(B367,'All float token'!A$2:B$64,2,FALSE)) -> Liqwid DAO Token
A368: 279c909f348e533da5808898f87f9a14bb2c3dfbbacccd631d927a3f.534e454b | B368: da8c30857834c6ae7203935b89278c532b3995245295456f993e1d24.4c51 | C368: 6000 | D368: TRUE | E368: =IF(A368="","ADA",VLOOKUP(A368,'All float token'!A$2:B$64,2,FALSE)) -> Snek | F368: =IF(B368="","ADA",VLOOKUP(B368,'All float token'!A$2:B$64,2,FALSE)) -> Liqwid DAO Token
A369: 2852268cf6e2db42e20f2fd3125f541e5d6c5a3d70b4dda17c2daa82 | B369: da8c30857834c6ae7203935b89278c532b3995245295456f993e1d24.4c51 | C369: 6000 | D369: TRUE | E369: =IF(A369="","ADA",VLOOKUP(A369,'All float token'!A$2:B$64,2,FALSE)) -> The O Token | F369: =IF(B369="","ADA",VLOOKUP(B369,'All float token'!A$2:B$64,2,FALSE)) -> Liqwid DAO Token
A370: 29d222ce763455e3d7a09a665ce554f00ac89d2e99a1a83d267170c6.4d494e | B370: da8c30857834c6ae7203935b89278c532b3995245295456f993e1d24.4c51 | C370: 6000 | D370: TRUE | E370: =IF(A370="","ADA",VLOOKUP(A370,'All float token'!A$2:B$64,2,FALSE)) -> Minswap | F370: =IF(B370="","ADA",VLOOKUP(B370,'All float token'!A$2:B$64,2,FALSE)) -> Liqwid DAO Token
A371: 2d9db8a89f074aa045eab177f23a3395f62ced8b53499a9e4ad46c80.464c4f57 | B371: da8c30857834c6ae7203935b89278c532b3995245295456f993e1d24.4c51 | C371: 6000 | D371: TRUE | E371: =IF(A371="","ADA",VLOOKUP(A371,'All float token'!A$2:B$64,2,FALSE)) -> FLOW | F371: =IF(B371="","ADA",VLOOKUP(B371,'All float token'!A$2:B$64,2,FALSE)) -> Liqwid DAO Token
A372: 4cf6a914372155ec78f6643141e280d38e3bae4ffbf623765efce3de.4254435f4144415f4c51 | B372: da8c30857834c6ae7203935b89278c532b3995245295456f993e1d24.4c51 | C372: 8000 | D372: TRUE | E372: =IF(A372="","ADA",VLOOKUP(A372,'All float token'!A$2:B$64,2,FALSE)) -> [splLP]ADA.BTC.30 | F372: =IF(B372="","ADA",VLOOKUP(B372,'All float token'!A$2:B$64,2,FALSE)) -> Liqwid DAO Token
A373: 533bb94a8850ee3ccbe483106489399112b74c905342cb1792a797a0.494e4459 | B373: da8c30857834c6ae7203935b89278c532b3995245295456f993e1d24.4c51 | C373: 6000 | D373: TRUE | E373: =IF(A373="","ADA",VLOOKUP(A373,'All float token'!A$2:B$64,2,FALSE)) -> Indigo DAO Token | F373: =IF(B373="","ADA",VLOOKUP(B373,'All float token'!A$2:B$64,2,FALSE)) -> Liqwid DAO Token
... A420: fe7c786ab321f41c654ef6c1af7b3250a613c24e4213e0425a7ae456.55534441 | B420: da8c30857834c6ae7203935b89278c532b3995245295456f993e1d24.4c51 | C420: 8000 | D420: TRUE | E420: =IF(A420="","ADA",VLOOKUP(A420,'All float token'!A$2:B$64,2,FALSE)) -> USDA | F420: =IF(B420="","ADA",VLOOKUP(B420,'All float token'!A$2:B$64,2,FALSE)) -> Liqwid DAO Token
B421: 533bb94a8850ee3ccbe483106489399112b74c905342cb1792a797a0.494e4459 | C421: 8000 | D421: TRUE | E421: =IF(A421="","ADA",VLOOKUP(A421,'All float token'!A$2:B$64,2,FALSE)) -> ADA | F421: =IF(B421="","ADA",VLOOKUP(B421,'All float token'!A$2:B$64,2,FALSE)) -> Indigo DAO Token
...

Sheet NewToken
A1: supply_token | B1: collaterals
B2: [{"token":"09f4212b4f1c4a2d1300866e8decec795abb8eb8bbdc34d2d66384fd.555344545f4144415f4c51","threshold":8000,"enable":true},{"token":"0a0a692605bed9e698a172a35adbdb70a04b40273c9043e1c4e4570a.0014efbfbd105553444d5f4144415f4c51","threshold":8000,"enable":true},{"token":"0d91892d31eef2398d66e771a03feea04ca17cd26655c2cc1550514a.555344415f4144415f4c51","threshold":8000,"enable":true},{"token":"25c5de5f5b286073c593edfd77b48abc7a48e5a4f3d4cd9d428ff935.425443","threshold":8000,"enable":true},{"token":"25c5de5f5b286073c593edfd77b48abc7a48e5a4f3d4cd9d428ff935.55534443","threshold":8000,"enable":true},{"token":"25c5de5f5b286073c593edfd77b48abc7a48e5a4f3d4cd9d428ff935.55534454","threshold":8000,"enable":true},{"token":"4cf6a914372155ec78f6643141e280d38e3bae4ffbf623765efce3de.4254435f4144415f4c51","threshold":8000,"enable":true},{"token":"6df63e2fdde8b2c3b3396265b0cc824aa4fb999396b1c154280f6b0c","threshold":8000,"enable":true},{"token":"6ebaa7305f90791b9fae1c0bbbc9a3a1820088b621e95193df396772.4254435f4144415f4c51","threshold":8000,"enable":true},{"token":"7a4d45e6b4e6835c4cea3968f291fab3704949cfd2f2dc1997c4eeec","threshold":8000,"enable":true},{"token":"7b7976222e874b1ac7c34fc5a56563203f7562fb217068242f7f5059.446a65644d6963726f5553445f4144415f4c51","threshold":8000,"enable":true},{"token":"8db269c3ec630e06ae29f74bc39edd1f87c819f1056206e879a1cd61.446a65644d6963726f555344","threshold":8000,"enable":true},{"token":"94dca24a1f1fcc2ff51cd90f32f4fe9e786d861a2dbf7d27598d26e8.134ab43b73bd6f5ae70534fe51194ad62618d39a539830ecef4f8e19","threshold":8000,"enable":true},{"token":"94dca24a1f1fcc2ff51cd90f32f4fe9e786d861a2dbf7d27598d26e8.2212068512d00ba78800e493bce47121d492043c864d896ea9f5ad5c","threshold":8000,"enable":true},{"token":"94dca24a1f1fcc2ff51cd90f32f4fe9e786d861a2dbf7d27598d26e8.2d94b144d91520d0de771f6c3449d5cff8f0373c472dae2b9851a8c2","threshold":8000,"enable":true},{"token":"94dca24a1f1fcc2ff51cd90f32f4fe9e786d861a2dbf7d27598d26e8.7553c4258a557314d787908085e67fb50f7d6f8f6ff6e0d1c9b9306b","threshold":8000,"enable":true},{"token":"94dca24a1f1fcc2ff51cd90f32f4fe9e786d861a2dbf7d27598d26e8.a90873033a7449a360ab4a9b07b7262cad46a54031d09d784cf01127","threshold":8000,"enable":true},{"token":"94dca24a1f1fcc2ff51cd90f32f4fe9e786d861a2dbf7d27598d26e8.b96f6167426d625b8975c0437966745c9240e6488517b2b2f44bc7c7","threshold":8000,"enable":true},{"token":"9e00df0615de0a7b121a7f961d43e23165b8e81b64786c6eb708d370","threshold":8000,"enable":true},{"token":"aa280c98c5b07fdfc8d7a93fb5ba84510b421388e4a18e16efa8eb5f","threshold":8000,"enable":true},{"token":"aebcb6eaba17dea962008a9d693e39a3160b02b5b89b1c83e537c599","threshold":8000,"enable":true},{"token":"c48cbb3d5e57ed56e276bc45f99ab39abe94e6cd7ac39fb402da47ad.0014df105553444d","threshold":8000,"enable":true},{"token":"dd83cb88459772bd3c4bd2afd55bf005832be922ff13df5422289a94.555344435f4144415f4c51","threshold":8000,"enable":true},{"token":"e29b474dccd09382fb0c93458995fffee6e6bb3285fb4c0bae01e216.0014df105553444d5f4144415f4c51","threshold":8000,"enable":true},{"token":"f5808c2c990d86da54bfc97d89cee6efa20cd8461616359478d96b4c.3cb4b74763277162c3d4548c2af1829b79c41e2dd1ac7560504cbd5e82b1e971","threshold":8000,"enable":true},{"token":"f5808c2c990d86da54bfc97d89cee6efa20cd8461616359478d96b4c.478773ab4e6f800e72e4210a80adc5b086eb6f42bf493591dbdcec4ae9a692f7","threshold":8000,"enable":true},{"token":"f5808c2c990d86da54bfc97d89cee6efa20cd8461616359478d96b4c.55058d3f832e6bb577ca8bb354c0c736dc4ca4e80798a82c17a956ee278872d3","threshold":8000,"enable":true},{"token":"f5808c2c990d86da54bfc97d89cee6efa20cd8461616359478d96b4c.7dd6988c5a86693c76aeec1ea94afa41770be0de21a775ca7a2a1eabdb6a0171","threshold":8000,"enable":true},{"token":"f5808c2c990d86da54bfc97d89cee6efa20cd8461616359478d96b4c.a939812d08cfb6066e17d2914a7272c6b8c0197acdf68157d02c73649cc3efc0","threshold":8000,"enable":true},{"token":"f5808c2c990d86da54bfc97d89cee6efa20cd8461616359478d96b4c.ee5cfbc5b0dc10c873a0bcc69e49b9af21b899f59337a894874c6b596c2da136","threshold":8000,"enable":true},{"token":"f72166e9fac8297aeb553c19ffab14f51ae271c2cb26783ba289a3a5","threshold":8000,"enable":true},{"token":"fe7c786ab321f41c654ef6c1af7b3250a613c24e4213e0425a7ae456.55534441","threshold":8000,"enable":true}]
A3: c48cbb3d5e57ed56e276bc45f99ab39abe94e6cd7ac39fb402da47ad.0014df105553444d | B3: [{"token":"","threshold":8000,"enable":true},{"token":"09f4212b4f1c4a2d1300866e8decec795abb8eb8bbdc34d2d66384fd.555344545f4144415f4c51","threshold":8000,"enable":true},{"token":"0a0a692605bed9e698a172a35adbdb70a04b40273c9043e1c4e4570a.0014efbfbd105553444d5f4144415f4c51","threshold":8000,"enable":true},{"token":"0d91892d31eef2398d66e771a03feea04ca17cd26655c2cc1550514a.555344415f4144415f4c51","threshold":8000,"enable":true},{"token":"25c5de5f5b286073c593edfd77b48abc7a48e5a4f3d4cd9d428ff935.425443","threshold":8000,"enable":true},{"token":"25c5de5f5b286073c593edfd77b48abc7a48e5a4f3d4cd9d428ff935.55534443","threshold":9000,"enable":true},{"token":"25c5de5f5b286073c593edfd77b48abc7a48e5a4f3d4cd9d428ff935.55534454","threshold":9000,"enable":true},{"token":"4cf6a914372155ec78f6643141e280d38e3bae4ffbf623765efce3de.4254435f4144415f4c51","threshold":8000,"enable":true},{"token":"6df63e2fdde8b2c3b3396265b0cc824aa4fb999396b1c154280f6b0c","threshold":9000,"enable":true},{"token":"6ebaa7305f90791b9fae1c0bbbc9a3a1820088b621e95193df396772.4254435f4144415f4c51","threshold":8000,"enable":true},{"token":"7a4d45e6b4e6835c4cea3968f291fab3704949cfd2f2dc1997c4eeec","threshold":9000,"enable":true},{"token":"7b7976222e874b1ac7c34fc5a56563203f7562fb217068242f7f5059.446a65644d6963726f5553445f4144415f4c51","threshold":8000,"enable":true},{"token":"8db269c3ec630e06ae29f74bc39edd1f87c819f1056206e879a1cd61.446a65644d6963726f555344","threshold":9000,"enable":true},{"token":"94dca24a1f1fcc2ff51cd90f32f4fe9e786d861a2dbf7d27598d26e8.134ab43b73bd6f5ae70534fe51194ad62618d39a539830ecef4f8e19","threshold":8000,"enable":true},{"token":"94dca24a1f1fcc2ff51cd90f32f4fe9e786d861a2dbf7d27598d26e8.2d94b144d91520d0de771f6c3449d5cff8f0373c472dae2b9851a8c2","threshold":9000,"enable":true},{"token":"94dca24a1f1fcc2ff51cd90f32f4fe9e786d861a2dbf7d27598d26e8.7553c4258a557314d787908085e67fb50f7d6f8f6ff6e0d1c9b9306b","threshold":9000,"enable":true},{"token":"94dca24a1f1fcc2ff51cd90f32f4fe9e786d861a2dbf7d27598d26e8.a90873033a7449a360ab4a9b07b7262cad46a54031d09d784cf01127","threshold":9000,"enable":true},{"token":"94dca24a1f1fcc2ff51cd90f32f4fe9e786d861a2dbf7d27598d26e8.b96f6167426d625b8975c0437966745c9240e6488517b2b2f44bc7c7","threshold":9000,"enable":true},{"token":"94dca24a1f1fcc2ff51cd90f32f4fe9e786d861a2dbf7d27598d26e8.f04403181fbd051edd971af67b85f6c6fe1d9d98949a80b9f3803a14","threshold":8000,"enable":true},{"token":"a04ce7a52545e5e33c2867e148898d9e667a69602285f6a1298f9d68","threshold":8000,"enable":true},{"token":"aa280c98c5b07fdfc8d7a93fb5ba84510b421388e4a18e16efa8eb5f","threshold":9000,"enable":true},{"token":"aebcb6eaba17dea962008a9d693e39a3160b02b5b89b1c83e537c599","threshold":9000,"enable":true},{"token":"dd83cb88459772bd3c4bd2afd55bf005832be922ff13df5422289a94.555344435f4144415f4c51","threshold":8000,"enable":true},{"token":"e29b474dccd09382fb0c93458995fffee6e6bb3285fb4c0bae01e216.0014df105553444d5f4144415f4c51","threshold":8000,"enable":true},{"token":"f5808c2c990d86da54bfc97d89cee6efa20cd8461616359478d96b4c.3cb4b74763277162c3d4548c2af1829b79c41e2dd1ac7560504cbd5e82b1e971","threshold":8000,"enable":true},{"token":"f5808c2c990d86da54bfc97d89cee6efa20cd8461616359478d96b4c.478773ab4e6f800e72e4210a80adc5b086eb6f42bf493591dbdcec4ae9a692f7","threshold":8000,"enable":true},{"token":"f5808c2c990d86da54bfc97d89cee6efa20cd8461616359478d96b4c.55058d3f832e6bb577ca8bb354c0c736dc4ca4e80798a82c17a956ee278872d3","threshold":8000,"enable":true},{"token":"f5808c2c990d86da54bfc97d89cee6efa20cd8461616359478d96b4c.7dd6988c5a86693c76aeec1ea94afa41770be0de21a775ca7a2a1eabdb6a0171","threshold":8000,"enable":true},{"token":"f5808c2c990d86da54bfc97d89cee6efa20cd8461616359478d96b4c.a939812d08cfb6066e17d2914a7272c6b8c0197acdf68157d02c73649cc3efc0","threshold":8000,"enable":true},{"token":"f5808c2c990d86da54bfc97d89cee6efa20cd8461616359478d96b4c.ee5cfbc5b0dc10c873a0bcc69e49b9af21b899f59337a894874c6b596c2da136","threshold":8000,"enable":true},{"token":"f72166e9fac8297aeb553c19ffab14f51ae271c2cb26783ba289a3a5","threshold":8000,"enable":true},{"token":"fe7c786ab321f41c654ef6c1af7b3250a613c24e4213e0425a7ae456.55534441","threshold":9000,"enable":true}]
A4: fe7c786ab321f41c654ef6c1af7b3250a613c24e4213e0425a7ae456.55534441 | B4: [{"token":"","threshold":8000,"enable":true},{"token":"09f4212b4f1c4a2d1300866e8decec795abb8eb8bbdc34d2d66384fd.555344545f4144415f4c51","threshold":8000,"enable":true},{"token":"0a0a692605bed9e698a172a35adbdb70a04b40273c9043e1c4e4570a.0014efbfbd105553444d5f4144415f4c51","threshold":8000,"enable":true},{"token":"0d91892d31eef2398d66e771a03feea04ca17cd26655c2cc1550514a.555344415f4144415f4c51","threshold":8000,"enable":true},{"token":"25c5de5f5b286073c593edfd77b48abc7a48e5a4f3d4cd9d428ff935.425443","threshold":8000,"enable":true},{"token":"25c5de5f5b286073c593edfd77b48abc7a48e5a4f3d4cd9d428ff935.55534443","threshold":9000,"enable":true},{"token":"25c5de5f5b286073c593edfd77b48abc7a48e5a4f3d4cd9d428ff935.55534454","threshold":9000,"enable":true},{"token":"4cf6a914372155ec78f6643141e280d38e3bae4ffbf623765efce3de.4254435f4144415f4c51","threshold":8000,"enable":true},{"token":"6df63e2fdde8b2c3b3396265b0cc824aa4fb999396b1c154280f6b0c","threshold":9000,"enable":true},{"token":"6ebaa7305f90791b9fae1c0bbbc9a3a1820088b621e95193df396772.4254435f4144415f4c51","threshold":8000,"enable":true},{"token":"7a4d45e6b4e6835c4cea3968f291fab3704949cfd2f2dc1997c4eeec","threshold":9000,"enable":true},{"token":"7b7976222e874b1ac7c34fc5a56563203f7562fb217068242f7f5059.446a65644d6963726f5553445f4144415f4c51","threshold":8000,"enable":true},{"token":"8db269c3ec630e06ae29f74bc39edd1f87c819f1056206e879a1cd61.446a65644d6963726f555344","threshold":9000,"enable":true},{"token":"94dca24a1f1fcc2ff51cd90f32f4fe9e786d861a2dbf7d27598d26e8.134ab43b73bd6f5ae70534fe51194ad62618d39a539830ecef4f8e19","threshold":8000,"enable":true},{"token":"94dca24a1f1fcc2ff51cd90f32f4fe9e786d861a2dbf7d27598d26e8.2212068512d00ba78800e493bce47121d492043c864d896ea9f5ad5c","threshold":9000,"enable":true},{"token":"94dca24a1f1fcc2ff51cd90f32f4fe9e786d861a2dbf7d27598d26e8.2d94b144d91520d0de771f6c3449d5cff8f0373c472dae2b9851a8c2","threshold":9000,"enable":true},{"token":"94dca24a1f1fcc2ff51cd90f32f4fe9e786d861a2dbf7d27598d26e8.a90873033a7449a360ab4a9b07b7262cad46a54031d09d784cf01127","threshold":9000,"enable":true},{"token":"94dca24a1f1fcc2ff51cd90f32f4fe9e786d861a2dbf7d27598d26e8.b96f6167426d625b8975c0437966745c9240e6488517b2b2f44bc7c7","threshold":9000,"enable":true},{"token":"94dca24a1f1fcc2ff51cd90f32f4fe9e786d861a2dbf7d27598d26e8.f04403181fbd051edd971af67b85f6c6fe1d9d98949a80b9f3803a14","threshold":8000,"enable":true},{"token":"9e00df0615de0a7b121a7f961d43e23165b8e81b64786c6eb708d370","threshold":9000,"enable":true},{"token":"a04ce7a52545e5e33c2867e148898d9e667a69602285f6a1298f9d68","threshold":8000,"enable":true},{"token":"aebcb6eaba17dea962008a9d693e39a3160b02b5b89b1c83e537c599","threshold":9000,"enable":true},{"token":"c48cbb3d5e57ed56e276bc45f99ab39abe94e6cd7ac39fb402da47ad.0014df105553444d","threshold":9000,"enable":true},{"token":"dd83cb88459772bd3c4bd2afd55bf005832be922ff13df5422289a94.555344435f4144415f4c51","threshold":8000,"enable":true},{"token":"e29b474dccd09382fb0c93458995fffee6e6bb3285fb4c0bae01e216.0014df105553444d5f4144415f4c51","threshold":8000,"enable":true},{"token":"f5808c2c990d86da54bfc97d89cee6efa20cd8461616359478d96b4c.3cb4b74763277162c3d4548c2af1829b79c41e2dd1ac7560504cbd5e82b1e971","threshold":8000,"enable":true},{"token":"f5808c2c990d86da54bfc97d89cee6efa20cd8461616359478d96b4c.478773ab4e6f800e72e4210a80adc5b086eb6f42bf493591dbdcec4ae9a692f7","threshold":8000,"enable":true},{"token":"f5808c2c990d86da54bfc97d89cee6efa20cd8461616359478d96b4c.55058d3f832e6bb577ca8bb354c0c736dc4ca4e80798a82c17a956ee278872d3","threshold":8000,"enable":true},{"token":"f5808c2c990d86da54bfc97d89cee6efa20cd8461616359478d96b4c.7dd6988c5a86693c76aeec1ea94afa41770be0de21a775ca7a2a1eabdb6a0171","threshold":8000,"enable":true},{"token":"f5808c2c990d86da54bfc97d89cee6efa20cd8461616359478d96b4c.a939812d08cfb6066e17d2914a7272c6b8c0197acdf68157d02c73649cc3efc0","threshold":8000,"enable":true},{"token":"f5808c2c990d86da54bfc97d89cee6efa20cd8461616359478d96b4c.ee5cfbc5b0dc10c873a0bcc69e49b9af21b899f59337a894874c6b596c2da136","threshold":8000,"enable":true},{"token":"f72166e9fac8297aeb553c19ffab14f51ae271c2cb26783ba289a3a5","threshold":8000,"enable":true}]
A5: 8db269c3ec630e06ae29f74bc39edd1f87c819f1056206e879a1cd61.446a65644d6963726f555344 | B5: [{"token":"","threshold":8000,"enable":true},{"token":"09f4212b4f1c4a2d1300866e8decec795abb8eb8bbdc34d2d66384fd.555344545f4144415f4c51","threshold":8000,"enable":true},{"token":"0a0a692605bed9e698a172a35adbdb70a04b40273c9043e1c4e4570a.0014efbfbd105553444d5f4144415f4c51","threshold":8000,"enable":true},{"token":"0d91892d31eef2398d66e771a03feea04ca17cd26655c2cc1550514a.555344415f4144415f4c51","threshold":8000,"enable":true},{"token":"25c5de5f5b286073c593edfd77b48abc7a48e5a4f3d4cd9d428ff935.425443","threshold":8000,"enable":true},{"token":"25c5de5f5b286073c593edfd77b48abc7a48e5a4f3d4cd9d428ff935.55534443","threshold":9000,"enable":true},{"token":"25c5de5f5b286073c593edfd77b48abc7a48e5a4f3d4cd9d428ff935.55534454","threshold":9000,"enable":true},{"token":"4cf6a914372155ec78f6643141e280d38e3bae4ffbf623765efce3de.4254435f4144415f4c51","threshold":8000,"enable":true},{"token":"6ebaa7305f90791b9fae1c0bbbc9a3a1820088b621e95193df396772.4254435f4144415f4c51","threshold":8000,"enable":true},{"token":"7a4d45e6b4e6835c4cea3968f291fab3704949cfd2f2dc1997c4eeec","threshold":9000,"enable":true},{"token":"7b7976222e874b1ac7c34fc5a56563203f7562fb217068242f7f5059.446a65644d6963726f5553445f4144415f4c51","threshold":8000,"enable":true},{"token":"94dca24a1f1fcc2ff51cd90f32f4fe9e786d861a2dbf7d27598d26e8.134ab43b73bd6f5ae70534fe51194ad62618d39a539830ecef4f8e19","threshold":8000,"enable":true},{"token":"94dca24a1f1fcc2ff51cd90f32f4fe9e786d861a2dbf7d27598d26e8.2212068512d00ba78800e493bce47121d492043c864d896ea9f5ad5c","threshold":9000,"enable":true},{"token":"94dca24a1f1fcc2ff51cd90f32f4fe9e786d861a2dbf7d27598d26e8.2d94b144d91520d0de771f6c3449d5cff8f0373c472dae2b9851a8c2","threshold":9000,"enable":true},{"token":"94dca24a1f1fcc2ff51cd90f32f4fe9e786d861a2dbf7d27598d26e8.7553c4258a557314d787908085e67fb50f7d6f8f6ff6e0d1c9b9306b","threshold":9000,"enable":true},{"token":"94dca24a1f1fcc2ff51cd90f32f4fe9e786d861a2dbf7d27598d26e8.b96f6167426d625b8975c0437966745c9240e6488517b2b2f44bc7c7","threshold":9000,"enable":true},{"token":"94dca24a1f1fcc2ff51cd90f32f4fe9e786d861a2dbf7d27598d26e8.f04403181fbd051edd971af67b85f6c6fe1d9d98949a80b9f3803a14","threshold":8000,"enable":true},{"token":"9e00df0615de0a7b121a7f961d43e23165b8e81b64786c6eb708d370","threshold":9000,"enable":true},{"token":"a04ce7a52545e5e33c2867e148898d9e667a69602285f6a1298f9d68","threshold":8000,"enable":true},{"token":"aa280c98c5b07fdfc8d7a93fb5ba84510b421388e4a18e16efa8eb5f","threshold":9000,"enable":true},{"token":"aebcb6eaba17dea962008a9d693e39a3160b02b5b89b1c83e537c599","threshold":9000,"enable":true},{"token":"c48cbb3d5e57ed56e276bc45f99ab39abe94e6cd7ac39fb402da47ad.0014df105553444d","threshold":9000,"enable":true},{"token":"dd83cb88459772bd3c4bd2afd55bf005832be922ff13df5422289a94.555344435f4144415f4c51","threshold":8000,"enable":true},{"token":"e29b474dccd09382fb0c93458995fffee6e6bb3285fb4c0bae01e216.0014df105553444d5f4144415f4c51","threshold":8000,"enable":true},{"token":"f5808c2c990d86da54bfc97d89cee6efa20cd8461616359478d96b4c.3cb4b74763277162c3d4548c2af1829b79c41e2dd1ac7560504cbd5e82b1e971","threshold":8000,"enable":true},{"token":"f5808c2c990d86da54bfc97d89cee6efa20cd8461616359478d96b4c.478773ab4e6f800e72e4210a80adc5b086eb6f42bf493591dbdcec4ae9a692f7","threshold":8000,"enable":true},{"token":"f5808c2c990d86da54bfc97d89cee6efa20cd8461616359478d96b4c.55058d3f832e6bb577ca8bb354c0c736dc4ca4e80798a82c17a956ee278872d3","threshold":8000,"enable":true},{"token":"f5808c2c990d86da54bfc97d89cee6efa20cd8461616359478d96b4c.7dd6988c5a86693c76aeec1ea94afa41770be0de21a775ca7a2a1eabdb6a0171","threshold":8000,"enable":true},{"token":"f5808c2c990d86da54bfc97d89cee6efa20cd8461616359478d96b4c.a939812d08cfb6066e17d2914a7272c6b8c0197acdf68157d02c73649cc3efc0","threshold":8000,"enable":true},{"token":"f5808c2c990d86da54bfc97d89cee6efa20cd8461616359478d96b4c.ee5cfbc5b0dc10c873a0bcc69e49b9af21b899f59337a894874c6b596c2da136","threshold":8000,"enable":true},{"token":"f72166e9fac8297aeb553c19ffab14f51ae271c2cb26783ba289a3a5","threshold":8000,"enable":true},{"token":"fe7c786ab321f41c654ef6c1af7b3250a613c24e4213e0425a7ae456.55534441","threshold":9000,"enable":true}]
A6: 25c5de5f5b286073c593edfd77b48abc7a48e5a4f3d4cd9d428ff935.55534443 | B6: [{"token":"","threshold":8000,"enable":true},{"token":"09f4212b4f1c4a2d1300866e8decec795abb8eb8bbdc34d2d66384fd.555344545f4144415f4c51","threshold":8000,"enable":true},{"token":"0a0a692605bed9e698a172a35adbdb70a04b40273c9043e1c4e4570a.0014efbfbd105553444d5f4144415f4c51","threshold":8000,"enable":true},{"token":"0d91892d31eef2398d66e771a03feea04ca17cd26655c2cc1550514a.555344415f4144415f4c51","threshold":8000,"enable":true},{"token":"25c5de5f5b286073c593edfd77b48abc7a48e5a4f3d4cd9d428ff935.425443","threshold":8000,"enable":true},{"token":"25c5de5f5b286073c593edfd77b48abc7a48e5a4f3d4cd9d428ff935.55534454","threshold":9000,"enable":true},{"token":"4cf6a914372155ec78f6643141e280d38e3bae4ffbf623765efce3de.4254435f4144415f4c51","threshold":8000,"enable":true},{"token":"6df63e2fdde8b2c3b3396265b0cc824aa4fb999396b1c154280f6b0c","threshold":9000,"enable":true},{"token":"6ebaa7305f90791b9fae1c0bbbc9a3a1820088b621e95193df396772.4254435f4144415f4c51","threshold":8000,"enable":true},{"token":"7a4d45e6b4e6835c4cea3968f291fab3704949cfd2f2dc1997c4eeec","threshold":9000,"enable":true},{"token":"7b7976222e874b1ac7c34fc5a56563203f7562fb217068242f7f5059.446a65644d6963726f5553445f4144415f4c51","threshold":8000,"enable":true},{"token":"8db269c3ec630e06ae29f74bc39edd1f87c819f1056206e879a1cd61.446a65644d6963726f555344","threshold":9000,"enable":true},{"token":"94dca24a1f1fcc2ff51cd90f32f4fe9e786d861a2dbf7d27598d26e8.134ab43b73bd6f5ae70534fe51194ad62618d39a539830ecef4f8e19","threshold":8000,"enable":true},{"token":"94dca24a1f1fcc2ff51cd90f32f4fe9e786d861a2dbf7d27598d26e8.2212068512d00ba78800e493bce47121d492043c864d896ea9f5ad5c","threshold":9000,"enable":true},{"token":"94dca24a1f1fcc2ff51cd90f32f4fe9e786d861a2dbf7d27598d26e8.2d94b144d91520d0de771f6c3449d5cff8f0373c472dae2b9851a8c2","threshold":9000,"enable":true},{"token":"94dca24a1f1fcc2ff51cd90f32f4fe9e786d861a2dbf7d27598d26e8.7553c4258a557314d787908085e67fb50f7d6f8f6ff6e0d1c9b9306b","threshold":9000,"enable":true},{"token":"94dca24a1f1fcc2ff51cd90f32f4fe9e786d861a2dbf7d27598d26e8.a90873033a7449a360ab4a9b07b7262cad46a54031d09d784cf01127","threshold":9000,"enable":true},{"token":"94dca24a1f1fcc2ff51cd90f32f4fe9e786d861a2dbf7d27598d26e8.f04403181fbd051edd971af67b85f6c6fe1d9d98949a80b9f3803a14","threshold":8000,"enable":true},{"token":"9e00df0615de0a7b121a7f961d43e23165b8e81b64786c6eb708d370","threshold":9000,"enable":true},{"token":"a04ce7a52545e5e33c2867e148898d9e667a69602285f6a1298f9d68","threshold":8000,"enable":true},{"token":"aa280c98c5b07fdfc8d7a93fb5ba84510b421388e4a18e16efa8eb5f","threshold":9000,"enable":true},{"token":"c48cbb3d5e57ed56e276bc45f99ab39abe94e6cd7ac39fb402da47ad.0014df105553444d","threshold":9000,"enable":true},{"token":"dd83cb88459772bd3c4bd2afd55bf005832be922ff13df5422289a94.555344435f4144415f4c51","threshold":8000,"enable":true},{"token":"e29b474dccd09382fb0c93458995fffee6e6bb3285fb4c0bae01e216.0014df105553444d5f4144415f4c51","threshold":8000,"enable":true},{"token":"f5808c2c990d86da54bfc97d89cee6efa20cd8461616359478d96b4c.3cb4b74763277162c3d4548c2af1829b79c41e2dd1ac7560504cbd5e82b1e971","threshold":8000,"enable":true},{"token":"f5808c2c990d86da54bfc97d89cee6efa20cd8461616359478d96b4c.478773ab4e6f800e72e4210a80adc5b086eb6f42bf493591dbdcec4ae9a692f7","threshold":8000,"enable":true},{"token":"f5808c2c990d86da54bfc97d89cee6efa20cd8461616359478d96b4c.55058d3f832e6bb577ca8bb354c0c736dc4ca4e80798a82c17a956ee278872d3","threshold":8000,"enable":true},{"token":"f5808c2c990d86da54bfc97d89cee6efa20cd8461616359478d96b4c.7dd6988c5a86693c76aeec1ea94afa41770be0de21a775ca7a2a1eabdb6a0171","threshold":8000,"enable":true},{"token":"f5808c2c990d86da54bfc97d89cee6efa20cd8461616359478d96b4c.a939812d08cfb6066e17d2914a7272c6b8c0197acdf68157d02c73649cc3efc0","threshold":8000,"enable":true},{"token":"f5808c2c990d86da54bfc97d89cee6efa20cd8461616359478d96b4c.ee5cfbc5b0dc10c873a0bcc69e49b9af21b899f59337a894874c6b596c2da136","threshold":8000,"enable":true},{"token":"f72166e9fac8297aeb553c19ffab14f51ae271c2cb26783ba289a3a5","threshold":8000,"enable":true},{"token":"fe7c786ab321f41c654ef6c1af7b3250a613c24e4213e0425a7ae456.55534441","threshold":9000,"enable":true}]
A7: 25c5de5f5b286073c593edfd77b48abc7a48e5a4f3d4cd9d428ff935.425443 | B7: [{"token":"","threshold":8000,"enable":true},{"token":"09f4212b4f1c4a2d1300866e8decec795abb8eb8bbdc34d2d66384fd.555344545f4144415f4c51","threshold":8000,"enable":true},{"token":"0a0a692605bed9e698a172a35adbdb70a04b40273c9043e1c4e4570a.0014efbfbd105553444d5f4144415f4c51","threshold":8000,"enable":true},{"token":"0d91892d31eef2398d66e771a03feea04ca17cd26655c2cc1550514a.555344415f4144415f4c51","threshold":8000,"enable":true},{"token":"25c5de5f5b286073c593edfd77b48abc7a48e5a4f3d4cd9d428ff935.55534443","threshold":8000,"enable":true},{"token":"25c5de5f5b286073c593edfd77b48abc7a48e5a4f3d4cd9d428ff935.55534454","threshold":8000,"enable":true},{"token":"4cf6a914372155ec78f6643141e280d38e3bae4ffbf623765efce3de.4254435f4144415f4c51","threshold":8000,"enable":true},{"token":"6df63e2fdde8b2c3b3396265b0cc824aa4fb999396b1c154280f6b0c","threshold":8000,"enable":true},{"token":"6ebaa7305f90791b9fae1c0bbbc9a3a1820088b621e95193df396772.4254435f4144415f4c51","threshold":8000,"enable":true},{"token":"7a4d45e6b4e6835c4cea3968f291fab3704949cfd2f2dc1997c4eeec","threshold":8000,"enable":true},{"token":"7b7976222e874b1ac7c34fc5a56563203f7562fb217068242f7f5059.446a65644d6963726f5553445f4144415f4c51","threshold":8000,"enable":true},{"token":"8db269c3ec630e06ae29f74bc39edd1f87c819f1056206e879a1cd61.446a65644d6963726f555344","threshold":8000,"enable":true},{"token":"94dca24a1f1fcc2ff51cd90f32f4fe9e786d861a2dbf7d27598d26e8.2212068512d00ba78800e493bce47121d492043c864d896ea9f5ad5c","threshold":8000,"enable":true},{"token":"94dca24a1f1fcc2ff51cd90f32f4fe9e786d861a2dbf7d27598d26e8.2d94b144d91520d0de771f6c3449d5cff8f0373c472dae2b9851a8c2","threshold":8000,"enable":true},{"token":"94dca24a1f1fcc2ff51cd90f32f4fe9e786d861a2dbf7d27598d26e8.7553c4258a557314d787908085e67fb50f7d6f8f6ff6e0d1c9b9306b","threshold":8000,"enable":true},{"token":"94dca24a1f1fcc2ff51cd90f32f4fe9e786d861a2dbf7d27598d26e8.a90873033a7449a360ab4a9b07b7262cad46a54031d09d784cf01127","threshold":8000,"enable":true},{"token":"94dca24a1f1fcc2ff51cd90f32f4fe9e786d861a2dbf7d27598d26e8.b96f6167426d625b8975c0437966745c9240e6488517b2b2f44bc7c7","threshold":8000,"enable":true},{"token":"94dca24a1f1fcc2ff51cd90f32f4fe9e786d861a2dbf7d27598d26e8.f04403181fbd051edd971af67b85f6c6fe1d9d98949a80b9f3803a14","threshold":8000,"enable":true},{"token":"9e00df0615de0a7b121a7f961d43e23165b8e81b64786c6eb708d370","threshold":8000,"enable":true},{"token":"a04ce7a52545e5e33c2867e148898d9e667a69602285f6a1298f9d68","threshold":8000,"enable":true},{"token":"aa280c98c5b07fdfc8d7a93fb5ba84510b421388e4a18e16efa8eb5f","threshold":8000,"enable":true},{"token":"aebcb6eaba17dea962008a9d693e39a3160b02b5b89b1c83e537c599","threshold":8000,"enable":true},{"token":"c48cbb3d5e57ed56e276bc45f99ab39abe94e6cd7ac39fb402da47ad.0014df105553444d","threshold":8000,"enable":true},{"token":"dd83cb88459772bd3c4bd2afd55bf005832be922ff13df5422289a94.555344435f4144415f4c51","threshold":8000,"enable":true},{"token":"e29b474dccd09382fb0c93458995fffee6e6bb3285fb4c0bae01e216.0014df105553444d5f4144415f4c51","threshold":8000,"enable":true},{"token":"f5808c2c990d86da54bfc97d89cee6efa20cd8461616359478d96b4c.3cb4b74763277162c3d4548c2af1829b79c41e2dd1ac7560504cbd5e82b1e971","threshold":8000,"enable":true},{"token":"f5808c2c990d86da54bfc97d89cee6efa20cd8461616359478d96b4c.478773ab4e6f800e72e4210a80adc5b086eb6f42bf493591dbdcec4ae9a692f7","threshold":8000,"enable":true},{"token":"f5808c2c990d86da54bfc97d89cee6efa20cd8461616359478d96b4c.55058d3f832e6bb577ca8bb354c0c736dc4ca4e80798a82c17a956ee278872d3","threshold":8000,"enable":true},{"token":"f5808c2c990d86da54bfc97d89cee6efa20cd8461616359478d96b4c.7dd6988c5a86693c76aeec1ea94afa41770be0de21a775ca7a2a1eabdb6a0171","threshold":8000,"enable":true},{"token":"f5808c2c990d86da54bfc97d89cee6efa20cd8461616359478d96b4c.a939812d08cfb6066e17d2914a7272c6b8c0197acdf68157d02c73649cc3efc0","threshold":8000,"enable":true},{"token":"f5808c2c990d86da54bfc97d89cee6efa20cd8461616359478d96b4c.ee5cfbc5b0dc10c873a0bcc69e49b9af21b899f59337a894874c6b596c2da136","threshold":8000,"enable":true},{"token":"fe7c786ab321f41c654ef6c1af7b3250a613c24e4213e0425a7ae456.55534441","threshold":8000,"enable":true}]
A8: 25c5de5f5b286073c593edfd77b48abc7a48e5a4f3d4cd9d428ff935.55534454 | B8: [{"token":"","threshold":8000,"enable":true},{"token":"09f4212b4f1c4a2d1300866e8decec795abb8eb8bbdc34d2d66384fd.555344545f4144415f4c51","threshold":8000,"enable":true},{"token":"0a0a692605bed9e698a172a35adbdb70a04b40273c9043e1c4e4570a.0014efbfbd105553444d5f4144415f4c51","threshold":8000,"enable":true},{"token":"0d91892d31eef2398d66e771a03feea04ca17cd26655c2cc1550514a.555344415f4144415f4c51","threshold":8000,"enable":true},{"token":"25c5de5f5b286073c593edfd77b48abc7a48e5a4f3d4cd9d428ff935.425443","threshold":8000,"enable":true},{"token":"25c5de5f5b286073c593edfd77b48abc7a48e5a4f3d4cd9d428ff935.55534443","threshold":9000,"enable":true},{"token":"4cf6a914372155ec78f6643141e280d38e3bae4ffbf623765efce3de.4254435f4144415f4c51","threshold":8000,"enable":true},{"token":"6df63e2fdde8b2c3b3396265b0cc824aa4fb999396b1c154280f6b0c","threshold":9000,"enable":true},{"token":"6ebaa7305f90791b9fae1c0bbbc9a3a1820088b621e95193df396772.4254435f4144415f4c51","threshold":8000,"enable":true},{"token":"7b7976222e874b1ac7c34fc5a56563203f7562fb217068242f7f5059.446a65644d6963726f5553445f4144415f4c51","threshold":8000,"enable":true},{"token":"8db269c3ec630e06ae29f74bc39edd1f87c819f1056206e879a1cd61.446a65644d6963726f555344","threshold":9000,"enable":true},{"token":"94dca24a1f1fcc2ff51cd90f32f4fe9e786d861a2dbf7d27598d26e8.134ab43b73bd6f5ae70534fe51194ad62618d39a539830ecef4f8e19","threshold":8000,"enable":true},{"token":"94dca24a1f1fcc2ff51cd90f32f4fe9e786d861a2dbf7d27598d26e8.2212068512d00ba78800e493bce47121d492043c864d896ea9f5ad5c","threshold":9000,"enable":true},{"token":"94dca24a1f1fcc2ff51cd90f32f4fe9e786d861a2dbf7d27598d26e8.7553c4258a557314d787908085e67fb50f7d6f8f6ff6e0d1c9b9306b","threshold":9000,"enable":true},{"token":"94dca24a1f1fcc2ff51cd90f32f4fe9e786d861a2dbf7d27598d26e8.a90873033a7449a360ab4a9b07b7262cad46a54031d09d784cf01127","threshold":9000,"enable":true},{"token":"94dca24a1f1fcc2ff51cd90f32f4fe9e786d861a2dbf7d27598d26e8.b96f6167426d625b8975c0437966745c9240e6488517b2b2f44bc7c7","threshold":9000,"enable":true},{"token":"94dca24a1f1fcc2ff51cd90f32f4fe9e786d861a2dbf7d27598d26e8.f04403181fbd051edd971af67b85f6c6fe1d9d98949a80b9f3803a14","threshold":8000,"enable":true},{"token":"9e00df0615de0a7b121a7f961d43e23165b8e81b64786c6eb708d370","threshold":9000,"enable":true},{"token":"a04ce7a52545e5e33c2867e148898d9e667a69602285f6a1298f9d68","threshold":8000,"enable":true},{"token":"aa280c98c5b07fdfc8d7a93fb5ba84510b421388e4a18e16efa8eb5f","threshold":9000,"enable":true},{"token":"aebcb6eaba17dea962008a9d693e39a3160b02b5b89b1c83e537c599","threshold":9000,"enable":true},{"token":"c48cbb3d5e57ed56e276bc45f99ab39abe94e6cd7ac39fb402da47ad.0014df105553444d","threshold":9000,"enable":true},{"token":"dd83cb88459772bd3c4bd2afd55bf005832be922ff13df5422289a94.555344435f4144415f4c51","threshold":8000,"enable":true},{"token":"e29b474dccd09382fb0c93458995fffee6e6bb3285fb4c0bae01e216.0014df105553444d5f4144415f4c51","threshold":8000,"enable":true},{"token":"f5808c2c990d86da54bfc97d89cee6efa20cd8461616359478d96b4c.3cb4b74763277162c3d4548c2af1829b79c41e2dd1ac7560504cbd5e82b1e971","threshold":8000,"enable":true},{"token":"f5808c2c990d86da54bfc97d89cee6efa20cd8461616359478d96b4c.478773ab4e6f800e72e4210a80adc5b086eb6f42bf493591dbdcec4ae9a692f7","threshold":8000,"enable":true},{"token":"f5808c2c990d86da54bfc97d89cee6efa20cd8461616359478d96b4c.55058d3f832e6bb577ca8bb354c0c736dc4ca4e80798a82c17a956ee278872d3","threshold":8000,"enable":true},{"token":"f5808c2c990d86da54bfc97d89cee6efa20cd8461616359478d96b4c.7dd6988c5a86693c76aeec1ea94afa41770be0de21a775ca7a2a1eabdb6a0171","threshold":8000,"enable":true},{"token":"f5808c2c990d86da54bfc97d89cee6efa20cd8461616359478d96b4c.a939812d08cfb6066e17d2914a7272c6b8c0197acdf68157d02c73649cc3efc0","threshold":8000,"enable":true},{"token":"f5808c2c990d86da54bfc97d89cee6efa20cd8461616359478d96b4c.ee5cfbc5b0dc10c873a0bcc69e49b9af21b899f59337a894874c6b596c2da136","threshold":8000,"enable":true},{"token":"f72166e9fac8297aeb553c19ffab14f51ae271c2cb26783ba289a3a5","threshold":8000,"enable":true},{"token":"fe7c786ab321f41c654ef6c1af7b3250a613c24e4213e0425a7ae456.55534441","threshold":9000,"enable":true}]
A9: 279c909f348e533da5808898f87f9a14bb2c3dfbbacccd631d927a3f.534e454b | B9: [{"token":"","threshold":8000,"enable":true},{"token":"09f4212b4f1c4a2d1300866e8decec795abb8eb8bbdc34d2d66384fd.555344545f4144415f4c51","threshold":8000,"enable":true},{"token":"0a0a692605bed9e698a172a35adbdb70a04b40273c9043e1c4e4570a.0014efbfbd105553444d5f4144415f4c51","threshold":8000,"enable":true},{"token":"0d91892d31eef2398d66e771a03feea04ca17cd26655c2cc1550514a.555344415f4144415f4c51","threshold":8000,"enable":true},{"token":"25c5de5f5b286073c593edfd77b48abc7a48e5a4f3d4cd9d428ff935.425443","threshold":8000,"enable":true},{"token":"25c5de5f5b286073c593edfd77b48abc7a48e5a4f3d4cd9d428ff935.55534443","threshold":8000,"enable":true},{"token":"25c5de5f5b286073c593edfd77b48abc7a48e5a4f3d4cd9d428ff935.55534454","threshold":8000,"enable":true},{"token":"2852268cf6e2db42e20f2fd3125f541e5d6c5a3d70b4dda17c2daa82","threshold":6000,"enable":true},{"token":"29d222ce763455e3d7a09a665ce554f00ac89d2e99a1a83d267170c6.4d494e","threshold":6000,"enable":true},{"token":"2d9db8a89f074aa045eab177f23a3395f62ced8b53499a9e4ad46c80.464c4f57","threshold":6000,"enable":true},{"token":"4cf6a914372155ec78f6643141e280d38e3bae4ffbf623765efce3de.4254435f4144415f4c51","threshold":8000,"enable":true},{"token":"533bb94a8850ee3ccbe483106489399112b74c905342cb1792a797a0.494e4459","threshold":6000,"enable":true},{"token":"577f0b1342f8f8f4aed3388b80a8535812950c7a892495c0ecdf0f1e.0014df10464c4454","threshold":6000,"enable":true},{"token":"5d16cc1a177b5d9ba9cfa9793b07e60f1fb70fea1f8aef064415d114.494147","threshold":6000,"enable":true},{"token":"5deab590a137066fef0e56f06ef1b830f21bc5d544661ba570bdd2ae.424f44454741","threshold":6000,"enable":true},{"token":"6df63e2fdde8b2c3b3396265b0cc824aa4fb999396b1c154280f6b0c","threshold":8000,"enable":true},{"token":"6ebaa7305f90791b9fae1c0bbbc9a3a1820088b621e95193df396772.4254435f4144415f4c51","threshold":8000,"enable":true},{"token":"7a4d45e6b4e6835c4cea3968f291fab3704949cfd2f2dc1997c4eeec","threshold":8000,"enable":true},{"token":"7b7976222e874b1ac7c34fc5a56563203f7562fb217068242f7f5059.446a65644d6963726f5553445f4144415f4c51","threshold":8000,"enable":true},{"token":"8db269c3ec630e06ae29f74bc39edd1f87c819f1056206e879a1cd61.446a65644d6963726f555344","threshold":8000,"enable":true},{"token":"94dca24a1f1fcc2ff51cd90f32f4fe9e786d861a2dbf7d27598d26e8.03138e523f4c919472b493f0e3432264cc7faed01ef3fb6bb4987281","threshold":6000,"enable":true},{"token":"94dca24a1f1fcc2ff51cd90f32f4fe9e786d861a2dbf7d27598d26e8.134ab43b73bd6f5ae70534fe51194ad62618d39a539830ecef4f8e19","threshold":8000,"enable":true},{"token":"94dca24a1f1fcc2ff51cd90f32f4fe9e786d861a2dbf7d27598d26e8.18e8d03ef4d8ab3c408551378040ae6a8dd1bb437023858bf4994df7","threshold":6000,"enable":true},{"token":"94dca24a1f1fcc2ff51cd90f32f4fe9e786d861a2dbf7d27598d26e8.2212068512d00ba78800e493bce47121d492043c864d896ea9f5ad5c","threshold":8000,"enable":true},{"token":"94dca24a1f1fcc2ff51cd90f32f4fe9e786d861a2dbf7d27598d26e8.251d5ccb51543f3647b344d4a4c8f2df5bff9d164854e3e7fe4b1711","threshold":6000,"enable":true},{"token":"94dca24a1f1fcc2ff51cd90f32f4fe9e786d861a2dbf7d27598d26e8.2d94b144d91520d0de771f6c3449d5cff8f0373c472dae2b9851a8c2","threshold":8000,"enable":true},{"token":"94dca24a1f1fcc2ff51cd90f32f4fe9e786d861a2dbf7d27598d26e8.34d8725885174384ff7cd92e8b0b7a1d71a12550c9d61360ad4cf43c","threshold":6000,"enable":true},{"token":"94dca24a1f1fcc2ff51cd90f32f4fe9e786d861a2dbf7d27598d26e8.3cfdbb46c8359e7f5e56d48a330cf85fc38eef19c83730198bc0dcbb","threshold":6000,"enable":true},{"token":"94dca24a1f1fcc2ff51cd90f32f4fe9e786d861a2dbf7d27598d26e8.45af09272aeaf60d2215ce33daa6d2bc3ced61e5b59be434d21cd2e8","threshold":6000,"enable":true},{"token":"94dca24a1f1fcc2ff51cd90f32f4fe9e786d861a2dbf7d27598d26e8.4c56da0af61dfca72b32de9fc0c44ecdd248932e69ce267d62b7ddc1","threshold":6000,"enable":true},{"token":"94dca24a1f1fcc2ff51cd90f32f4fe9e786d861a2dbf7d27598d26e8.6487e97f20fba709c9edf5da2b72ad2a120ab4c5c38fe381fb76b25d","threshold":6000,"enable":true},{"token":"94dca24a1f1fcc2ff51cd90f32f4fe9e786d861a2dbf7d27598d26e8.7553c4258a557314d787908085e67fb50f7d6f8f6ff6e0d1c9b9306b","threshold":8000,"enable":true},{"token":"94dca24a1f1fcc2ff51cd90f32f4fe9e786d861a2dbf7d27598d26e8.83b8a0a2074061394fddfe9aebee6fab4924dd73ec1326162f453dc9","threshold":6000,"enable":true},{"token":"94dca24a1f1fcc2ff51cd90f32f4fe9e786d861a2dbf7d27598d26e8.9c00007e09c95cc0c282fad790760cfbf33495c3161a77b4c87cfaed","threshold":6000,"enable":true},{"token":"94dca24a1f1fcc2ff51cd90f32f4fe9e786d861a2dbf7d27598d26e8.a1bc0130b1eb217e58c2b40f4e6ed7647af5c71157466bd6a0dbb85c","threshold":6000,"enable":true},{"token":"94dca24a1f1fcc2ff51cd90f32f4fe9e786d861a2dbf7d27598d26e8.a90873033a7449a360ab4a9b07b7262cad46a54031d09d784cf01127","threshold":8000,"enable":true},{"token":"94dca24a1f1fcc2ff51cd90f32f4fe9e786d861a2dbf7d27598d26e8.b96f6167426d625b8975c0437966745c9240e6488517b2b2f44bc7c7","threshold":8000,"enable":true},{"token":"94dca24a1f1fcc2ff51cd90f32f4fe9e786d861a2dbf7d27598d26e8.eac93ffee36e1c544e9a1eff8aff1a8e4da748f42be54b4b0e2fbb6c","threshold":6000,"enable":true},{"token":"94dca24a1f1fcc2ff51cd90f32f4fe9e786d861a2dbf7d27598d26e8.f04403181fbd051edd971af67b85f6c6fe1d9d98949a80b9f3803a14","threshold":8000,"enable":true},{"token":"95a427e384527065f2f8946f5e86320d0117839a5e98ea2c0b55fb00.48554e54","threshold":6000,"enable":true},{"token":"9e00df0615de0a7b121a7f961d43e23165b8e81b64786c6eb708d370","threshold":8000,"enable":true},{"token":"a04ce7a52545e5e33c2867e148898d9e667a69602285f6a1298f9d68","threshold":8000,"enable":true},{"token":"a4430a085f45bca6399bec6bd7514eb8c2fce1ed75c7554739cfc32b","threshold":6000,"enable":true},{"token":"aa280c98c5b07fdfc8d7a93fb5ba84510b421388e4a18e16efa8eb5f","threshold":8000,"enable":true},{"token":"aebcb6eaba17dea962008a9d693e39a3160b02b5b89b1c83e537c599","threshold":8000,"enable":true},{"token":"c48cbb3d5e57ed56e276bc45f99ab39abe94e6cd7ac39fb402da47ad.0014df105553444d","threshold":8000,"enable":true},{"token":"da8c30857834c6ae7203935b89278c532b3995245295456f993e1d24.4c51","threshold":6000,"enable":true},{"token":"dd83cb88459772bd3c4bd2afd55bf005832be922ff13df5422289a94.555344435f4144415f4c51","threshold":8000,"enable":true},{"token":"e29b474dccd09382fb0c93458995fffee6e6bb3285fb4c0bae01e216.0014df105553444d5f4144415f4c51","threshold":8000,"enable":true},{"token":"ececc92aeaaac1f5b665f567b01baec8bc2771804b4c21716a87a4e3.53504c415348","threshold":6000,"enable":true},{"token":"f13ac4d66b3ee19a6aa0f2a22298737bd907cc95121662fc971b5275.535452494b45","threshold":6000,"enable":true},{"token":"f5808c2c990d86da54bfc97d89cee6efa20cd8461616359478d96b4c.3cb4b74763277162c3d4548c2af1829b79c41e2dd1ac7560504cbd5e82b1e971","threshold":8000,"enable":true},{"token":"f5808c2c990d86da54bfc97d89cee6efa20cd8461616359478d96b4c.478773ab4e6f800e72e4210a80adc5b086eb6f42bf493591dbdcec4ae9a692f7","threshold":8000,"enable":true},{"token":"f5808c2c990d86da54bfc97d89cee6efa20cd8461616359478d96b4c.55058d3f832e6bb577ca8bb354c0c736dc4ca4e80798a82c17a956ee278872d3","threshold":8000,"enable":true},{"token":"f5808c2c990d86da54bfc97d89cee6efa20cd8461616359478d96b4c.7dd6988c5a86693c76aeec1ea94afa41770be0de21a775ca7a2a1eabdb6a0171","threshold":8000,"enable":true},{"token":"f5808c2c990d86da54bfc97d89cee6efa20cd8461616359478d96b4c.a939812d08cfb6066e17d2914a7272c6b8c0197acdf68157d02c73649cc3efc0","threshold":8000,"enable":true},{"token":"f5808c2c990d86da54bfc97d89cee6efa20cd8461616359478d96b4c.ee5cfbc5b0dc10c873a0bcc69e49b9af21b899f59337a894874c6b596c2da136","threshold":8000,"enable":true},{"token":"f6099832f9563e4cf59602b3351c3c5a8a7dda2d44575ef69b82cf8d","threshold":6000,"enable":true},{"token":"f72166e9fac8297aeb553c19ffab14f51ae271c2cb26783ba289a3a5","threshold":8000,"enable":true},{"token":"fe7c786ab321f41c654ef6c1af7b3250a613c24e4213e0425a7ae456.55534441","threshold":8000,"enable":true}]
A10: f13ac4d66b3ee19a6aa0f2a22298737bd907cc95121662fc971b5275.535452494b45 | B10: [{"token":"","threshold":8000,"enable":true},{"token":"09f4212b4f1c4a2d1300866e8decec795abb8eb8bbdc34d2d66384fd.555344545f4144415f4c51","threshold":8000,"enable":true},{"token":"0a0a692605bed9e698a172a35adbdb70a04b40273c9043e1c4e4570a.0014efbfbd105553444d5f4144415f4c51","threshold":8000,"enable":true},{"token":"0d91892d31eef2398d66e771a03feea04ca17cd26655c2cc1550514a.555344415f4144415f4c51","threshold":8000,"enable":true},{"token":"25c5de5f5b286073c593edfd77b48abc7a48e5a4f3d4cd9d428ff935.425443","threshold":8000,"enable":true},{"token":"25c5de5f5b286073c593edfd77b48abc7a48e5a4f3d4cd9d428ff935.55534443","threshold":8000,"enable":true},{"token":"25c5de5f5b286073c593edfd77b48abc7a48e5a4f3d4cd9d428ff935.55534454","threshold":8000,"enable":true},{"token":"279c909f348e533da5808898f87f9a14bb2c3dfbbacccd631d927a3f.534e454b","threshold":6000,"enable":true},{"token":"2852268cf6e2db42e20f2fd3125f541e5d6c5a3d70b4dda17c2daa82","threshold":6000,"enable":true},{"token":"29d222ce763455e3d7a09a665ce554f00ac89d2e99a1a83d267170c6.4d494e","threshold":6000,"enable":true},{"token":"2d9db8a89f074aa045eab177f23a3395f62ced8b53499a9e4ad46c80.464c4f57","threshold":6000,"enable":true},{"token":"4cf6a914372155ec78f6643141e280d38e3bae4ffbf623765efce3de.4254435f4144415f4c51","threshold":8000,"enable":true},{"token":"533bb94a8850ee3ccbe483106489399112b74c905342cb1792a797a0.494e4459","threshold":6000,"enable":true},{"token":"577f0b1342f8f8f4aed3388b80a8535812950c7a892495c0ecdf0f1e.0014df10464c4454","threshold":6000,"enable":true},{"token":"5d16cc1a177b5d9ba9cfa9793b07e60f1fb70fea1f8aef064415d114.494147","threshold":6000,"enable":true},{"token":"5deab590a137066fef0e56f06ef1b830f21bc5d544661ba570bdd2ae.424f44454741","threshold":6000,"enable":true},{"token":"6df63e2fdde8b2c3b3396265b0cc824aa4fb999396b1c154280f6b0c","threshold":8000,"enable":true},{"token":"6ebaa7305f90791b9fae1c0bbbc9a3a1820088b621e95193df396772.4254435f4144415f4c51","threshold":8000,"enable":true},{"token":"7a4d45e6b4e6835c4cea3968f291fab3704949cfd2f2dc1997c4eeec","threshold":8000,"enable":true},{"token":"7b7976222e874b1ac7c34fc5a56563203f7562fb217068242f7f5059.446a65644d6963726f5553445f4144415f4c51","threshold":8000,"enable":true},{"token":"8db269c3ec630e06ae29f74bc39edd1f87c819f1056206e879a1cd61.446a65644d6963726f555344","threshold":8000,"enable":true},{"token":"94dca24a1f1fcc2ff51cd90f32f4fe9e786d861a2dbf7d27598d26e8.03138e523f4c919472b493f0e3432264cc7faed01ef3fb6bb4987281","threshold":6000,"enable":true},{"token":"94dca24a1f1fcc2ff51cd90f32f4fe9e786d861a2dbf7d27598d26e8.134ab43b73bd6f5ae70534fe51194ad62618d39a539830ecef4f8e19","threshold":8000,"enable":true},{"token":"94dca24a1f1fcc2ff51cd90f32f4fe9e786d861a2dbf7d27598d26e8.18e8d03ef4d8ab3c408551378040ae6a8dd1bb437023858bf4994df7","threshold":6000,"enable":true},{"token":"94dca24a1f1fcc2ff51cd90f32f4fe9e786d861a2dbf7d27598d26e8.2212068512d00ba78800e493bce47121d492043c864d896ea9f5ad5c","threshold":8000,"enable":true},{"token":"94dca24a1f1fcc2ff51cd90f32f4fe9e786d861a2dbf7d27598d26e8.251d5ccb51543f3647b344d4a4c8f2df5bff9d164854e3e7fe4b1711","threshold":6000,"enable":true},{"token":"94dca24a1f1fcc2ff51cd90f32f4fe9e786d861a2dbf7d27598d26e8.2d94b144d91520d0de771f6c3449d5cff8f0373c472dae2b9851a8c2","threshold":8000,"enable":true},{"token":"94dca24a1f1fcc2ff51cd90f32f4fe9e786d861a2dbf7d27598d26e8.2e614ed06d9ab2b693f108251c6df8d5e37cae81ffce99a4cf0a781f","threshold":6000,"enable":true},{"token":"94dca24a1f1fcc2ff51cd90f32f4fe9e786d861a2dbf7d27598d26e8.34d8725885174384ff7cd92e8b0b7a1d71a12550c9d61360ad4cf43c","threshold":6000,"enable":true},{"token":"94dca24a1f1fcc2ff51cd90f32f4fe9e786d861a2dbf7d27598d26e8.3cfdbb46c8359e7f5e56d48a330cf85fc38eef19c83730198bc0dcbb","threshold":6000,"enable":true},{"token":"94dca24a1f1fcc2ff51cd90f32f4fe9e786d861a2dbf7d27598d26e8.45af09272aeaf60d2215ce33daa6d2bc3ced61e5b59be434d21cd2e8","threshold":6000,"enable":true},{"token":"94dca24a1f1fcc2ff51cd90f32f4fe9e786d861a2dbf7d27598d26e8.4c56da0af61dfca72b32de9fc0c44ecdd248932e69ce267d62b7ddc1","threshold":6000,"enable":true},{"token":"94dca24a1f1fcc2ff51cd90f32f4fe9e786d861a2dbf7d27598d26e8.6487e97f20fba709c9edf5da2b72ad2a120ab4c5c38fe381fb76b25d","threshold":6000,"enable":true},{"token":"94dca24a1f1fcc2ff51cd90f32f4fe9e786d861a2dbf7d27598d26e8.7553c4258a557314d787908085e67fb50f7d6f8f6ff6e0d1c9b9306b","threshold":8000,"enable":true},{"token":"94dca24a1f1fcc2ff51cd90f32f4fe9e786d861a2dbf7d27598d26e8.9c00007e09c95cc0c282fad790760cfbf33495c3161a77b4c87cfaed","threshold":6000,"enable":true},{"token":"94dca24a1f1fcc2ff51cd90f32f4fe9e786d861a2dbf7d27598d26e8.a1bc0130b1eb217e58c2b40f4e6ed7647af5c71157466bd6a0dbb85c","threshold":6000,"enable":true},{"token":"94dca24a1f1fcc2ff51cd90f32f4fe9e786d861a2dbf7d27598d26e8.a90873033a7449a360ab4a9b07b7262cad46a54031d09d784cf01127","threshold":8000,"enable":true},{"token":"94dca24a1f1fcc2ff51cd90f32f4fe9e786d861a2dbf7d27598d26e8.b96f6167426d625b8975c0437966745c9240e6488517b2b2f44bc7c7","threshold":8000,"enable":true},{"token":"94dca24a1f1fcc2ff51cd90f32f4fe9e786d861a2dbf7d27598d26e8.eac93ffee36e1c544e9a1eff8aff1a8e4da748f42be54b4b0e2fbb6c","threshold":6000,"enable":true},{"token":"94dca24a1f1fcc2ff51cd90f32f4fe9e786d861a2dbf7d27598d26e8.f04403181fbd051edd971af67b85f6c6fe1d9d98949a80b9f3803a14","threshold":8000,"enable":true},{"token":"95a427e384527065f2f8946f5e86320d0117839a5e98ea2c0b55fb00.48554e54","threshold":6000,"enable":true},{"token":"9e00df0615de0a7b121a7f961d43e23165b8e81b64786c6eb708d370","threshold":8000,"enable":true},{"token":"a04ce7a52545e5e33c2867e148898d9e667a69602285f6a1298f9d68","threshold":8000,"enable":true},{"token":"a4430a085f45bca6399bec6bd7514eb8c2fce1ed75c7554739cfc32b","threshold":6000,"enable":true},{"token":"aa280c98c5b07fdfc8d7a93fb5ba84510b421388e4a18e16efa8eb5f","threshold":8000,"enable":true},{"token":"aebcb6eaba17dea962008a9d693e39a3160b02b5b89b1c83e537c599","threshold":8000,"enable":true},{"token":"c48cbb3d5e57ed56e276bc45f99ab39abe94e6cd7ac39fb402da47ad.0014df105553444d","threshold":8000,"enable":true},{"token":"da8c30857834c6ae7203935b89278c532b3995245295456f993e1d24.4c51","threshold":6000,"enable":true},{"token":"dd83cb88459772bd3c4bd2afd55bf005832be922ff13df5422289a94.555344435f4144415f4c51","threshold":8000,"enable":true},{"token":"e29b474dccd09382fb0c93458995fffee6e6bb3285fb4c0bae01e216.0014df105553444d5f4144415f4c51","threshold":8000,"enable":true},{"token":"ececc92aeaaac1f5b665f567b01baec8bc2771804b4c21716a87a4e3.53504c415348","threshold":6000,"enable":true},{"token":"f5808c2c990d86da54bfc97d89cee6efa20cd8461616359478d96b4c.3cb4b74763277162c3d4548c2af1829b79c41e2dd1ac7560504cbd5e82b1e971","threshold":8000,"enable":true},{"token":"f5808c2c990d86da54bfc97d89cee6efa20cd8461616359478d96b4c.478773ab4e6f800e72e4210a80adc5b086eb6f42bf493591dbdcec4ae9a692f7","threshold":8000,"enable":true},{"token":"f5808c2c990d86da54bfc97d89cee6efa20cd8461616359478d96b4c.55058d3f832e6bb577ca8bb354c0c736dc4ca4e80798a82c17a956ee278872d3","threshold":8000,"enable":true},{"token":"f5808c2c990d86da54bfc97d89cee6efa20cd8461616359478d96b4c.7dd6988c5a86693c76aeec1ea94afa41770be0de21a775ca7a2a1eabdb6a0171","threshold":8000,"enable":true},{"token":"f5808c2c990d86da54bfc97d89cee6efa20cd8461616359478d96b4c.a939812d08cfb6066e17d2914a7272c6b8c0197acdf68157d02c73649cc3efc0","threshold":8000,"enable":true},{"token":"f5808c2c990d86da54bfc97d89cee6efa20cd8461616359478d96b4c.ee5cfbc5b0dc10c873a0bcc69e49b9af21b899f59337a894874c6b596c2da136","threshold":8000,"enable":true},{"token":"f6099832f9563e4cf59602b3351c3c5a8a7dda2d44575ef69b82cf8d","threshold":6000,"enable":true},{"token":"f72166e9fac8297aeb553c19ffab14f51ae271c2cb26783ba289a3a5","threshold":8000,"enable":true},{"token":"fe7c786ab321f41c654ef6c1af7b3250a613c24e4213e0425a7ae456.55534441","threshold":8000,"enable":true}]
A11: 5d16cc1a177b5d9ba9cfa9793b07e60f1fb70fea1f8aef064415d114.494147 | B11: [{"token":"","threshold":8000,"enable":true},{"token":"09f4212b4f1c4a2d1300866e8decec795abb8eb8bbdc34d2d66384fd.555344545f4144415f4c51","threshold":8000,"enable":true},{"token":"0a0a692605bed9e698a172a35adbdb70a04b40273c9043e1c4e4570a.0014efbfbd105553444d5f4144415f4c51","threshold":8000,"enable":true},{"token":"0d91892d31eef2398d66e771a03feea04ca17cd26655c2cc1550514a.555344415f4144415f4c51","threshold":8000,"enable":true},{"token":"25c5de5f5b286073c593edfd77b48abc7a48e5a4f3d4cd9d428ff935.425443","threshold":8000,"enable":true},{"token":"25c5de5f5b286073c593edfd77b48abc7a48e5a4f3d4cd9d428ff935.55534443","threshold":8000,"enable":true},{"token":"25c5de5f5b286073c593edfd77b48abc7a48e5a4f3d4cd9d428ff935.55534454","threshold":8000,"enable":true},{"token":"279c909f348e533da5808898f87f9a14bb2c3dfbbacccd631d927a3f.534e454b","threshold":6000,"enable":true},{"token":"2852268cf6e2db42e20f2fd3125f541e5d6c5a3d70b4dda17c2daa82","threshold":6000,"enable":true},{"token":"29d222ce763455e3d7a09a665ce554f00ac89d2e99a1a83d267170c6.4d494e","threshold":6000,"enable":true},{"token":"2d9db8a89f074aa045eab177f23a3395f62ced8b53499a9e4ad46c80.464c4f57","threshold":6000,"enable":true},{"token":"4cf6a914372155ec78f6643141e280d38e3bae4ffbf623765efce3de.4254435f4144415f4c51","threshold":8000,"enable":true},{"token":"533bb94a8850ee3ccbe483106489399112b74c905342cb1792a797a0.494e4459","threshold":6000,"enable":true},{"token":"577f0b1342f8f8f4aed3388b80a8535812950c7a892495c0ecdf0f1e.0014df10464c4454","threshold":6000,"enable":true},{"token":"5deab590a137066fef0e56f06ef1b830f21bc5d544661ba570bdd2ae.424f44454741","threshold":6000,"enable":true},{"token":"6df63e2fdde8b2c3b3396265b0cc824aa4fb999396b1c154280f6b0c","threshold":8000,"enable":true},{"token":"6ebaa7305f90791b9fae1c0bbbc9a3a1820088b621e95193df396772.4254435f4144415f4c51","threshold":8000,"enable":true},{"token":"7a4d45e6b4e6835c4cea3968f291fab3704949cfd2f2dc1997c4eeec","threshold":8000,"enable":true},{"token":"7b7976222e874b1ac7c34fc5a56563203f7562fb217068242f7f5059.446a65644d6963726f5553445f4144415f4c51","threshold":8000,"enable":true},{"token":"8db269c3ec630e06ae29f74bc39edd1f87c819f1056206e879a1cd61.446a65644d6963726f555344","threshold":8000,"enable":true},{"token":"94dca24a1f1fcc2ff51cd90f32f4fe9e786d861a2dbf7d27598d26e8.03138e523f4c919472b493f0e3432264cc7faed01ef3fb6bb4987281","threshold":6000,"enable":true},{"token":"94dca24a1f1fcc2ff51cd90f32f4fe9e786d861a2dbf7d27598d26e8.134ab43b73bd6f5ae70534fe51194ad62618d39a539830ecef4f8e19","threshold":8000,"enable":true},{"token":"94dca24a1f1fcc2ff51cd90f32f4fe9e786d861a2dbf7d27598d26e8.18e8d03ef4d8ab3c408551378040ae6a8dd1bb437023858bf4994df7","threshold":6000,"enable":true},{"token":"94dca24a1f1fcc2ff51cd90f32f4fe9e786d861a2dbf7d27598d26e8.2212068512d00ba78800e493bce47121d492043c864d896ea9f5ad5c","threshold":8000,"enable":true},{"token":"94dca24a1f1fcc2ff51cd90f32f4fe9e786d861a2dbf7d27598d26e8.251d5ccb51543f3647b344d4a4c8f2df5bff9d164854e3e7fe4b1711","threshold":6000,"enable":true},{"token":"94dca24a1f1fcc2ff51cd90f32f4fe9e786d861a2dbf7d27598d26e8.2d94b144d91520d0de771f6c3449d5cff8f0373c472dae2b9851a8c2","threshold":8000,"enable":true},{"token":"94dca24a1f1fcc2ff51cd90f32f4fe9e786d861a2dbf7d27598d26e8.2e614ed06d9ab2b693f108251c6df8d5e37cae81ffce99a4cf0a781f","threshold":6000,"enable":true},{"token":"94dca24a1f1fcc2ff51cd90f32f4fe9e786d861a2dbf7d27598d26e8.34d8725885174384ff7cd92e8b0b7a1d71a12550c9d61360ad4cf43c","threshold":6000,"enable":true},{"token":"94dca24a1f1fcc2ff51cd90f32f4fe9e786d861a2dbf7d27598d26e8.3cfdbb46c8359e7f5e56d48a330cf85fc38eef19c83730198bc0dcbb","threshold":6000,"enable":true},{"token":"94dca24a1f1fcc2ff51cd90f32f4fe9e786d861a2dbf7d27598d26e8.45af09272aeaf60d2215ce33daa6d2bc3ced61e5b59be434d21cd2e8","threshold":6000,"enable":true},{"token":"94dca24a1f1fcc2ff51cd90f32f4fe9e786d861a2dbf7d27598d26e8.6487e97f20fba709c9edf5da2b72ad2a120ab4c5c38fe381fb76b25d","threshold":6000,"enable":true},{"token":"94dca24a1f1fcc2ff51cd90f32f4fe9e786d861a2dbf7d27598d26e8.7553c4258a557314d787908085e67fb50f7d6f8f6ff6e0d1c9b9306b","threshold":8000,"enable":true},{"token":"94dca24a1f1fcc2ff51cd90f32f4fe9e786d861a2dbf7d27598d26e8.83b8a0a2074061394fddfe9aebee6fab4924dd73ec1326162f453dc9","threshold":6000,"enable":true},{"token":"94dca24a1f1fcc2ff51cd90f32f4fe9e786d861a2dbf7d27598d26e8.9c00007e09c95cc0c282fad790760cfbf33495c3161a77b4c87cfaed","threshold":6000,"enable":true},{"token":"94dca24a1f1fcc2ff51cd90f32f4fe9e786d861a2dbf7d27598d26e8.a1bc0130b1eb217e58c2b40f4e6ed7647af5c71157466bd6a0dbb85c","threshold":6000,"enable":true},{"token":"94dca24a1f1fcc2ff51cd90f32f4fe9e786d861a2dbf7d27598d26e8.a90873033a7449a360ab4a9b07b7262cad46a54031d09d784cf01127","threshold":8000,"enable":true},{"token":"94dca24a1f1fcc2ff51cd90f32f4fe9e786d861a2dbf7d27598d26e8.b96f6167426d625b8975c0437966745c9240e6488517b2b2f44bc7c7","threshold":8000,"enable":true},{"token":"94dca24a1f1fcc2ff51cd90f32f4fe9e786d861a2dbf7d27598d26e8.eac93ffee36e1c544e9a1eff8aff1a8e4da748f42be54b4b0e2fbb6c","threshold":6000,"enable":true},{"token":"94dca24a1f1fcc2ff51cd90f32f4fe9e786d861a2dbf7d27598d26e8.f04403181fbd051edd971af67b85f6c6fe1d9d98949a80b9f3803a14","threshold":8000,"enable":true},{"token":"95a427e384527065f2f8946f5e86320d0117839a5e98ea2c0b55fb00.48554e54","threshold":6000,"enable":true},{"token":"9e00df0615de0a7b121a7f961d43e23165b8e81b64786c6eb708d370","threshold":8000,"enable":true},{"token":"a04ce7a52545e5e33c2867e148898d9e667a69602285f6a1298f9d68","threshold":8000,"enable":true},{"token":"a4430a085f45bca6399bec6bd7514eb8c2fce1ed75c7554739cfc32b","threshold":6000,"enable":true},{"token":"aa280c98c5b07fdfc8d7a93fb5ba84510b421388e4a18e16efa8eb5f","threshold":8000,"enable":true},{"token":"aebcb6eaba17dea962008a9d693e39a3160b02b5b89b1c83e537c599","threshold":8000,"enable":true},{"token":"c48cbb3d5e57ed56e276bc45f99ab39abe94e6cd7ac39fb402da47ad.0014df105553444d","threshold":8000,"enable":true},{"token":"da8c30857834c6ae7203935b89278c532b3995245295456f993e1d24.4c51","threshold":6000,"enable":true},{"token":"dd83cb88459772bd3c4bd2afd55bf005832be922ff13df5422289a94.555344435f4144415f4c51","threshold":8000,"enable":true},{"token":"e29b474dccd09382fb0c93458995fffee6e6bb3285fb4c0bae01e216.0014df105553444d5f4144415f4c51","threshold":8000,"enable":true},{"token":"ececc92aeaaac1f5b665f567b01baec8bc2771804b4c21716a87a4e3.53504c415348","threshold":6000,"enable":true},{"token":"f13ac4d66b3ee19a6aa0f2a22298737bd907cc95121662fc971b5275.535452494b45","threshold":6000,"enable":true},{"token":"f5808c2c990d86da54bfc97d89cee6efa20cd8461616359478d96b4c.3cb4b74763277162c3d4548c2af1829b79c41e2dd1ac7560504cbd5e82b1e971","threshold":8000,"enable":true},{"token":"f5808c2c990d86da54bfc97d89cee6efa20cd8461616359478d96b4c.478773ab4e6f800e72e4210a80adc5b086eb6f42bf493591dbdcec4ae9a692f7","threshold":8000,"enable":true},{"token":"f5808c2c990d86da54bfc97d89cee6efa20cd8461616359478d96b4c.55058d3f832e6bb577ca8bb354c0c736dc4ca4e80798a82c17a956ee278872d3","threshold":8000,"enable":true},{"token":"f5808c2c990d86da54bfc97d89cee6efa20cd8461616359478d96b4c.7dd6988c5a86693c76aeec1ea94afa41770be0de21a775ca7a2a1eabdb6a0171","threshold":8000,"enable":true},{"token":"f5808c2c990d86da54bfc97d89cee6efa20cd8461616359478d96b4c.a939812d08cfb6066e17d2914a7272c6b8c0197acdf68157d02c73649cc3efc0","threshold":8000,"enable":true},{"token":"f5808c2c990d86da54bfc97d89cee6efa20cd8461616359478d96b4c.ee5cfbc5b0dc10c873a0bcc69e49b9af21b899f59337a894874c6b596c2da136","threshold":8000,"enable":true},{"token":"f6099832f9563e4cf59602b3351c3c5a8a7dda2d44575ef69b82cf8d","threshold":6000,"enable":true},{"token":"f72166e9fac8297aeb553c19ffab14f51ae271c2cb26783ba289a3a5","threshold":8000,"enable":true},{"token":"fe7c786ab321f41c654ef6c1af7b3250a613c24e4213e0425a7ae456.55534441","threshold":8000,"enable":true}]
A12: 2d9db8a89f074aa045eab177f23a3395f62ced8b53499a9e4ad46c80.464c4f57 | B12: [{"token":"","threshold":8000,"enable":true},{"token":"09f4212b4f1c4a2d1300866e8decec795abb8eb8bbdc34d2d66384fd.555344545f4144415f4c51","threshold":8000,"enable":true},{"token":"0a0a692605bed9e698a172a35adbdb70a04b40273c9043e1c4e4570a.0014efbfbd105553444d5f4144415f4c51","threshold":8000,"enable":true},{"token":"0d91892d31eef2398d66e771a03feea04ca17cd26655c2cc1550514a.555344415f4144415f4c51","threshold":8000,"enable":true},{"token":"25c5de5f5b286073c593edfd77b48abc7a48e5a4f3d4cd9d428ff935.425443","threshold":8000,"enable":true},{"token":"25c5de5f5b286073c593edfd77b48abc7a48e5a4f3d4cd9d428ff935.55534443","threshold":8000,"enable":true},{"token":"25c5de5f5b286073c593edfd77b48abc7a48e5a4f3d4cd9d428ff935.55534454","threshold":8000,"enable":true},{"token":"279c909f348e533da5808898f87f9a14bb2c3dfbbacccd631d927a3f.534e454b","threshold":6000,"enable":true},{"token":"2852268cf6e2db42e20f2fd3125f541e5d6c5a3d70b4dda17c2daa82","threshold":6000,"enable":true},{"token":"29d222ce763455e3d7a09a665ce554f00ac89d2e99a1a83d267170c6.4d494e","threshold":6000,"enable":true},{"token":"4cf6a914372155ec78f6643141e280d38e3bae4ffbf623765efce3de.4254435f4144415f4c51","threshold":8000,"enable":true},{"token":"533bb94a8850ee3ccbe483106489399112b74c905342cb1792a797a0.494e4459","threshold":6000,"enable":true},{"token":"577f0b1342f8f8f4aed3388b80a8535812950c7a892495c0ecdf0f1e.0014df10464c4454","threshold":6000,"enable":true},{"token":"5d16cc1a177b5d9ba9cfa9793b07e60f1fb70fea1f8aef064415d114.494147","threshold":6000,"enable":true},{"token":"5deab590a137066fef0e56f06ef1b830f21bc5d544661ba570bdd2ae.424f44454741","threshold":6000,"enable":true},{"token":"6df63e2fdde8b2c3b3396265b0cc824aa4fb999396b1c154280f6b0c","threshold":8000,"enable":true},{"token":"6ebaa7305f90791b9fae1c0bbbc9a3a1820088b621e95193df396772.4254435f4144415f4c51","threshold":8000,"enable":true},{"token":"7a4d45e6b4e6835c4cea3968f291fab3704949cfd2f2dc1997c4eeec","threshold":8000,"enable":true},{"token":"7b7976222e874b1ac7c34fc5a56563203f7562fb217068242f7f5059.446a65644d6963726f5553445f4144415f4c51","threshold":8000,"enable":true},{"token":"8db269c3ec630e06ae29f74bc39edd1f87c819f1056206e879a1cd61.446a65644d6963726f555344","threshold":8000,"enable":true},{"token":"94dca24a1f1fcc2ff51cd90f32f4fe9e786d861a2dbf7d27598d26e8.03138e523f4c919472b493f0e3432264cc7faed01ef3fb6bb4987281","threshold":6000,"enable":true},{"token":"94dca24a1f1fcc2ff51cd90f32f4fe9e786d861a2dbf7d27598d26e8.134ab43b73bd6f5ae70534fe51194ad62618d39a539830ecef4f8e19","threshold":8000,"enable":true},{"token":"94dca24a1f1fcc2ff51cd90f32f4fe9e786d861a2dbf7d27598d26e8.2212068512d00ba78800e493bce47121d492043c864d896ea9f5ad5c","threshold":8000,"enable":true},{"token":"94dca24a1f1fcc2ff51cd90f32f4fe9e786d861a2dbf7d27598d26e8.251d5ccb51543f3647b344d4a4c8f2df5bff9d164854e3e7fe4b1711","threshold":6000,"enable":true},{"token":"94dca24a1f1fcc2ff51cd90f32f4fe9e786d861a2dbf7d27598d26e8.2d94b144d91520d0de771f6c3449d5cff8f0373c472dae2b9851a8c2","threshold":8000,"enable":true},{"token":"94dca24a1f1fcc2ff51cd90f32f4fe9e786d861a2dbf7d27598d26e8.2e614ed06d9ab2b693f108251c6df8d5e37cae81ffce99a4cf0a781f","threshold":6000,"enable":true},{"token":"94dca24a1f1fcc2ff51cd90f32f4fe9e786d861a2dbf7d27598d26e8.34d8725885174384ff7cd92e8b0b7a1d71a12550c9d61360ad4cf43c","threshold":6000,"enable":true},{"token":"94dca24a1f1fcc2ff51cd90f32f4fe9e786d861a2dbf7d27598d26e8.3cfdbb46c8359e7f5e56d48a330cf85fc38eef19c83730198bc0dcbb","threshold":6000,"enable":true},{"token":"94dca24a1f1fcc2ff51cd90f32f4fe9e786d861a2dbf7d27598d26e8.45af09272aeaf60d2215ce33daa6d2bc3ced61e5b59be434d21cd2e8","threshold":6000,"enable":true},{"token":"94dca24a1f1fcc2ff51cd90f32f4fe9e786d861a2dbf7d27598d26e8.4c56da0af61dfca72b32de9fc0c44ecdd248932e69ce267d62b7ddc1","threshold":6000,"enable":true},{"token":"94dca24a1f1fcc2ff51cd90f32f4fe9e786d861a2dbf7d27598d26e8.6487e97f20fba709c9edf5da2b72ad2a120ab4c5c38fe381fb76b25d","threshold":6000,"enable":true},{"token":"94dca24a1f1fcc2ff51cd90f32f4fe9e786d861a2dbf7d27598d26e8.7553c4258a557314d787908085e67fb50f7d6f8f6ff6e0d1c9b9306b","threshold":8000,"enable":true},{"token":"94dca24a1f1fcc2ff51cd90f32f4fe9e786d861a2dbf7d27598d26e8.83b8a0a2074061394fddfe9aebee6fab4924dd73ec1326162f453dc9","threshold":6000,"enable":true},{"token":"94dca24a1f1fcc2ff51cd90f32f4fe9e786d861a2dbf7d27598d26e8.9c00007e09c95cc0c282fad790760cfbf33495c3161a77b4c87cfaed","threshold":6000,"enable":true},{"token":"94dca24a1f1fcc2ff51cd90f32f4fe9e786d861a2dbf7d27598d26e8.a1bc0130b1eb217e58c2b40f4e6ed7647af5c71157466bd6a0dbb85c","threshold":6000,"enable":true},{"token":"94dca24a1f1fcc2ff51cd90f32f4fe9e786d861a2dbf7d27598d26e8.a90873033a7449a360ab4a9b07b7262cad46a54031d09d784cf01127","threshold":8000,"enable":true},{"token":"94dca24a1f1fcc2ff51cd90f32f4fe9e786d861a2dbf7d27598d26e8.b96f6167426d625b8975c0437966745c9240e6488517b2b2f44bc7c7","threshold":8000,"enable":true},{"token":"94dca24a1f1fcc2ff51cd90f32f4fe9e786d861a2dbf7d27598d26e8.eac93ffee36e1c544e9a1eff8aff1a8e4da748f42be54b4b0e2fbb6c","threshold":6000,"enable":true},{"token":"94dca24a1f1fcc2ff51cd90f32f4fe9e786d861a2dbf7d27598d26e8.f04403181fbd051edd971af67b85f6c6fe1d9d98949a80b9f3803a14","threshold":8000,"enable":true},{"token":"95a427e384527065f2f8946f5e86320d0117839a5e98ea2c0b55fb00.48554e54","threshold":6000,"enable":true},{"token":"9e00df0615de0a7b121a7f961d43e23165b8e81b64786c6eb708d370","threshold":8000,"enable":true},{"token":"a04ce7a52545e5e33c2867e148898d9e667a69602285f6a1298f9d68","threshold":8000,"enable":true},{"token":"a4430a085f45bca6399bec6bd7514eb8c2fce1ed75c7554739cfc32b","threshold":6000,"enable":true},{"token":"aa280c98c5b07fdfc8d7a93fb5ba84510b421388e4a18e16efa8eb5f","threshold":8000,"enable":true},{"token":"aebcb6eaba17dea962008a9d693e39a3160b02b5b89b1c83e537c599","threshold":8000,"enable":true},{"token":"c48cbb3d5e57ed56e276bc45f99ab39abe94e6cd7ac39fb402da47ad.0014df105553444d","threshold":8000,"enable":true},{"token":"da8c30857834c6ae7203935b89278c532b3995245295456f993e1d24.4c51","threshold":6000,"enable":true},{"token":"dd83cb88459772bd3c4bd2afd55bf005832be922ff13df5422289a94.555344435f4144415f4c51","threshold":8000,"enable":true},{"token":"e29b474dccd09382fb0c93458995fffee6e6bb3285fb4c0bae01e216.0014df105553444d5f4144415f4c51","threshold":8000,"enable":true},{"token":"ececc92aeaaac1f5b665f567b01baec8bc2771804b4c21716a87a4e3.53504c415348","threshold":6000,"enable":true},{"token":"f13ac4d66b3ee19a6aa0f2a22298737bd907cc95121662fc971b5275.535452494b45","threshold":6000,"enable":true},{"token":"f5808c2c990d86da54bfc97d89cee6efa20cd8461616359478d96b4c.3cb4b74763277162c3d4548c2af1829b79c41e2dd1ac7560504cbd5e82b1e971","threshold":8000,"enable":true},{"token":"f5808c2c990d86da54bfc97d89cee6efa20cd8461616359478d96b4c.478773ab4e6f800e72e4210a80adc5b086eb6f42bf493591dbdcec4ae9a692f7","threshold":8000,"enable":true},{"token":"f5808c2c990d86da54bfc97d89cee6efa20cd8461616359478d96b4c.55058d3f832e6bb577ca8bb354c0c736dc4ca4e80798a82c17a956ee278872d3","threshold":8000,"enable":true},{"token":"f5808c2c990d86da54bfc97d89cee6efa20cd8461616359478d96b4c.7dd6988c5a86693c76aeec1ea94afa41770be0de21a775ca7a2a1eabdb6a0171","threshold":8000,"enable":true},{"token":"f5808c2c990d86da54bfc97d89cee6efa20cd8461616359478d96b4c.a939812d08cfb6066e17d2914a7272c6b8c0197acdf68157d02c73649cc3efc0","threshold":8000,"enable":true},{"token":"f5808c2c990d86da54bfc97d89cee6efa20cd8461616359478d96b4c.ee5cfbc5b0dc10c873a0bcc69e49b9af21b899f59337a894874c6b596c2da136","threshold":8000,"enable":true},{"token":"f6099832f9563e4cf59602b3351c3c5a8a7dda2d44575ef69b82cf8d","threshold":6000,"enable":true},{"token":"f72166e9fac8297aeb553c19ffab14f51ae271c2cb26783ba289a3a5","threshold":8000,"enable":true},{"token":"fe7c786ab321f41c654ef6c1af7b3250a613c24e4213e0425a7ae456.55534441","threshold":8000,"enable":true}]
A13: 5deab590a137066fef0e56f06ef1b830f21bc5d544661ba570bdd2ae.424f44454741 | B13: [{"token":"","threshold":8000,"enable":true},{"token":"09f4212b4f1c4a2d1300866e8decec795abb8eb8bbdc34d2d66384fd.555344545f4144415f4c51","threshold":8000,"enable":true},{"token":"0a0a692605bed9e698a172a35adbdb70a04b40273c9043e1c4e4570a.0014efbfbd105553444d5f4144415f4c51","threshold":8000,"enable":true},{"token":"0d91892d31eef2398d66e771a03feea04ca17cd26655c2cc1550514a.555344415f4144415f4c51","threshold":8000,"enable":true},{"token":"25c5de5f5b286073c593edfd77b48abc7a48e5a4f3d4cd9d428ff935.425443","threshold":8000,"enable":true},{"token":"25c5de5f5b286073c593edfd77b48abc7a48e5a4f3d4cd9d428ff935.55534443","threshold":8000,"enable":true},{"token":"25c5de5f5b286073c593edfd77b48abc7a48e5a4f3d4cd9d428ff935.55534454","threshold":8000,"enable":true},{"token":"279c909f348e533da5808898f87f9a14bb2c3dfbbacccd631d927a3f.534e454b","threshold":6000,"enable":true},{"token":"2852268cf6e2db42e20f2fd3125f541e5d6c5a3d70b4dda17c2daa82","threshold":6000,"enable":true},{"token":"29d222ce763455e3d7a09a665ce554f00ac89d2e99a1a83d267170c6.4d494e","threshold":6000,"enable":true},{"token":"2d9db8a89f074aa045eab177f23a3395f62ced8b53499a9e4ad46c80.464c4f57","threshold":6000,"enable":true},{"token":"4cf6a914372155ec78f6643141e280d38e3bae4ffbf623765efce3de.4254435f4144415f4c51","threshold":8000,"enable":true},{"token":"533bb94a8850ee3ccbe483106489399112b74c905342cb1792a797a0.494e4459","threshold":6000,"enable":true},{"token":"577f0b1342f8f8f4aed3388b80a8535812950c7a892495c0ecdf0f1e.0014df10464c4454","threshold":6000,"enable":true},{"token":"5d16cc1a177b5d9ba9cfa9793b07e60f1fb70fea1f8aef064415d114.494147","threshold":6000,"enable":true},{"token":"6df63e2fdde8b2c3b3396265b0cc824aa4fb999396b1c154280f6b0c","threshold":8000,"enable":true},{"token":"6ebaa7305f90791b9fae1c0bbbc9a3a1820088b621e95193df396772.4254435f4144415f4c51","threshold":8000,"enable":true},{"token":"7a4d45e6b4e6835c4cea3968f291fab3704949cfd2f2dc1997c4eeec","threshold":8000,"enable":true},{"token":"7b7976222e874b1ac7c34fc5a56563203f7562fb217068242f7f5059.446a65644d6963726f5553445f4144415f4c51","threshold":8000,"enable":true},{"token":"8db269c3ec630e06ae29f74bc39edd1f87c819f1056206e879a1cd61.446a65644d6963726f555344","threshold":8000,"enable":true},{"token":"94dca24a1f1fcc2ff51cd90f32f4fe9e786d861a2dbf7d27598d26e8.03138e523f4c919472b493f0e3432264cc7faed01ef3fb6bb4987281","threshold":6000,"enable":true},{"token":"94dca24a1f1fcc2ff51cd90f32f4fe9e786d861a2dbf7d27598d26e8.134ab43b73bd6f5ae70534fe51194ad62618d39a539830ecef4f8e19","threshold":8000,"enable":true},{"token":"94dca24a1f1fcc2ff51cd90f32f4fe9e786d861a2dbf7d27598d26e8.18e8d03ef4d8ab3c408551378040ae6a8dd1bb437023858bf4994df7","threshold":6000,"enable":true},{"token":"94dca24a1f1fcc2ff51cd90f32f4fe9e786d861a2dbf7d27598d26e8.2212068512d00ba78800e493bce47121d492043c864d896ea9f5ad5c","threshold":8000,"enable":true},{"token":"94dca24a1f1fcc2ff51cd90f32f4fe9e786d861a2dbf7d27598d26e8.251d5ccb51543f3647b344d4a4c8f2df5bff9d164854e3e7fe4b1711","threshold":6000,"enable":true},{"token":"94dca24a1f1fcc2ff51cd90f32f4fe9e786d861a2dbf7d27598d26e8.2d94b144d91520d0de771f6c3449d5cff8f0373c472dae2b9851a8c2","threshold":8000,"enable":true},{"token":"94dca24a1f1fcc2ff51cd90f32f4fe9e786d861a2dbf7d27598d26e8.2e614ed06d9ab2b693f108251c6df8d5e37cae81ffce99a4cf0a781f","threshold":6000,"enable":true},{"token":"94dca24a1f1fcc2ff51cd90f32f4fe9e786d861a2dbf7d27598d26e8.3cfdbb46c8359e7f5e56d48a330cf85fc38eef19c83730198bc0dcbb","threshold":6000,"enable":true},{"token":"94dca24a1f1fcc2ff51cd90f32f4fe9e786d861a2dbf7d27598d26e8.45af09272aeaf60d2215ce33daa6d2bc3ced61e5b59be434d21cd2e8","threshold":6000,"enable":true},{"token":"94dca24a1f1fcc2ff51cd90f32f4fe9e786d861a2dbf7d27598d26e8.4c56da0af61dfca72b32de9fc0c44ecdd248932e69ce267d62b7ddc1","threshold":6000,"enable":true},{"token":"94dca24a1f1fcc2ff51cd90f32f4fe9e786d861a2dbf7d27598d26e8.6487e97f20fba709c9edf5da2b72ad2a120ab4c5c38fe381fb76b25d","threshold":6000,"enable":true},{"token":"94dca24a1f1fcc2ff51cd90f32f4fe9e786d861a2dbf7d27598d26e8.7553c4258a557314d787908085e67fb50f7d6f8f6ff6e0d1c9b9306b","threshold":8000,"enable":true},{"token":"94dca24a1f1fcc2ff51cd90f32f4fe9e786d861a2dbf7d27598d26e8.83b8a0a2074061394fddfe9aebee6fab4924dd73ec1326162f453dc9","threshold":6000,"enable":true},{"token":"94dca24a1f1fcc2ff51cd90f32f4fe9e786d861a2dbf7d27598d26e8.9c00007e09c95cc0c282fad790760cfbf33495c3161a77b4c87cfaed","threshold":6000,"enable":true},{"token":"94dca24a1f1fcc2ff51cd90f32f4fe9e786d861a2dbf7d27598d26e8.a1bc0130b1eb217e58c2b40f4e6ed7647af5c71157466bd6a0dbb85c","threshold":6000,"enable":true},{"token":"94dca24a1f1fcc2ff51cd90f32f4fe9e786d861a2dbf7d27598d26e8.a90873033a7449a360ab4a9b07b7262cad46a54031d09d784cf01127","threshold":8000,"enable":true},{"token":"94dca24a1f1fcc2ff51cd90f32f4fe9e786d861a2dbf7d27598d26e8.b96f6167426d625b8975c0437966745c9240e6488517b2b2f44bc7c7","threshold":8000,"enable":true},{"token":"94dca24a1f1fcc2ff51cd90f32f4fe9e786d861a2dbf7d27598d26e8.eac93ffee36e1c544e9a1eff8aff1a8e4da748f42be54b4b0e2fbb6c","threshold":6000,"enable":true},{"token":"94dca24a1f1fcc2ff51cd90f32f4fe9e786d861a2dbf7d27598d26e8.f04403181fbd051edd971af67b85f6c6fe1d9d98949a80b9f3803a14","threshold":8000,"enable":true},{"token":"95a427e384527065f2f8946f5e86320d0117839a5e98ea2c0b55fb00.48554e54","threshold":6000,"enable":true},{"token":"9e00df0615de0a7b121a7f961d43e23165b8e81b64786c6eb708d370","threshold":8000,"enable":true},{"token":"a04ce7a52545e5e33c2867e148898d9e667a69602285f6a1298f9d68","threshold":8000,"enable":true},{"token":"a4430a085f45bca6399bec6bd7514eb8c2fce1ed75c7554739cfc32b","threshold":6000,"enable":true},{"token":"aa280c98c5b07fdfc8d7a93fb5ba84510b421388e4a18e16efa8eb5f","threshold":8000,"enable":true},{"token":"aebcb6eaba17dea962008a9d693e39a3160b02b5b89b1c83e537c599","threshold":8000,"enable":true},{"token":"c48cbb3d5e57ed56e276bc45f99ab39abe94e6cd7ac39fb402da47ad.0014df105553444d","threshold":8000,"enable":true},{"token":"da8c30857834c6ae7203935b89278c532b3995245295456f993e1d24.4c51","threshold":6000,"enable":true},{"token":"dd83cb88459772bd3c4bd2afd55bf005832be922ff13df5422289a94.555344435f4144415f4c51","threshold":8000,"enable":true},{"token":"e29b474dccd09382fb0c93458995fffee6e6bb3285fb4c0bae01e216.0014df105553444d5f4144415f4c51","threshold":8000,"enable":true},{"token":"ececc92aeaaac1f5b665f567b01baec8bc2771804b4c21716a87a4e3.53504c415348","threshold":6000,"enable":true},{"token":"f13ac4d66b3ee19a6aa0f2a22298737bd907cc95121662fc971b5275.535452494b45","threshold":6000,"enable":true},{"token":"f5808c2c990d86da54bfc97d89cee6efa20cd8461616359478d96b4c.3cb4b74763277162c3d4548c2af1829b79c41e2dd1ac7560504cbd5e82b1e971","threshold":8000,"enable":true},{"token":"f5808c2c990d86da54bfc97d89cee6efa20cd8461616359478d96b4c.478773ab4e6f800e72e4210a80adc5b086eb6f42bf493591dbdcec4ae9a692f7","threshold":8000,"enable":true},{"token":"f5808c2c990d86da54bfc97d89cee6efa20cd8461616359478d96b4c.55058d3f832e6bb577ca8bb354c0c736dc4ca4e80798a82c17a956ee278872d3","threshold":8000,"enable":true},{"token":"f5808c2c990d86da54bfc97d89cee6efa20cd8461616359478d96b4c.7dd6988c5a86693c76aeec1ea94afa41770be0de21a775ca7a2a1eabdb6a0171","threshold":8000,"enable":true},{"token":"f5808c2c990d86da54bfc97d89cee6efa20cd8461616359478d96b4c.a939812d08cfb6066e17d2914a7272c6b8c0197acdf68157d02c73649cc3efc0","threshold":8000,"enable":true},{"token":"f5808c2c990d86da54bfc97d89cee6efa20cd8461616359478d96b4c.ee5cfbc5b0dc10c873a0bcc69e49b9af21b899f59337a894874c6b596c2da136","threshold":8000,"enable":true},{"token":"f6099832f9563e4cf59602b3351c3c5a8a7dda2d44575ef69b82cf8d","threshold":6000,"enable":true},{"token":"f72166e9fac8297aeb553c19ffab14f51ae271c2cb26783ba289a3a5","threshold":8000,"enable":true},{"token":"fe7c786ab321f41c654ef6c1af7b3250a613c24e4213e0425a7ae456.55534441","threshold":8000,"enable":true}]
A14: 29d222ce763455e3d7a09a665ce554f00ac89d2e99a1a83d267170c6.4d494e | B14: [{"token":"","threshold":8000,"enable":true},{"token":"09f4212b4f1c4a2d1300866e8decec795abb8eb8bbdc34d2d66384fd.555344545f4144415f4c51","threshold":8000,"enable":true},{"token":"0a0a692605bed9e698a172a35adbdb70a04b40273c9043e1c4e4570a.0014efbfbd105553444d5f4144415f4c51","threshold":8000,"enable":true},{"token":"0d91892d31eef2398d66e771a03feea04ca17cd26655c2cc1550514a.555344415f4144415f4c51","threshold":8000,"enable":true},{"token":"25c5de5f5b286073c593edfd77b48abc7a48e5a4f3d4cd9d428ff935.425443","threshold":8000,"enable":true},{"token":"25c5de5f5b286073c593edfd77b48abc7a48e5a4f3d4cd9d428ff935.55534443","threshold":8000,"enable":true},{"token":"25c5de5f5b286073c593edfd77b48abc7a48e5a4f3d4cd9d428ff935.55534454","threshold":8000,"enable":true},{"token":"279c909f348e533da5808898f87f9a14bb2c3dfbbacccd631d927a3f.534e454b","threshold":6000,"enable":true},{"token":"2852268cf6e2db42e20f2fd3125f541e5d6c5a3d70b4dda17c2daa82","threshold":6000,"enable":true},{"token":"2d9db8a89f074aa045eab177f23a3395f62ced8b53499a9e4ad46c80.464c4f57","threshold":6000,"enable":true},{"token":"4cf6a914372155ec78f6643141e280d38e3bae4ffbf623765efce3de.4254435f4144415f4c51","threshold":8000,"enable":true},{"token":"533bb94a8850ee3ccbe483106489399112b74c905342cb1792a797a0.494e4459","threshold":6000,"enable":true},{"token":"577f0b1342f8f8f4aed3388b80a8535812950c7a892495c0ecdf0f1e.0014df10464c4454","threshold":6000,"enable":true},{"token":"5d16cc1a177b5d9ba9cfa9793b07e60f1fb70fea1f8aef064415d114.494147","threshold":6000,"enable":true},{"token":"5deab590a137066fef0e56f06ef1b830f21bc5d544661ba570bdd2ae.424f44454741","threshold":6000,"enable":true},{"token":"6df63e2fdde8b2c3b3396265b0cc824aa4fb999396b1c154280f6b0c","threshold":8000,"enable":true},{"token":"6ebaa7305f90791b9fae1c0bbbc9a3a1820088b621e95193df396772.4254435f4144415f4c51","threshold":8000,"enable":true},{"token":"7a4d45e6b4e6835c4cea3968f291fab3704949cfd2f2dc1997c4eeec","threshold":8000,"enable":true},{"token":"7b7976222e874b1ac7c34fc5a56563203f7562fb217068242f7f5059.446a65644d6963726f5553445f4144415f4c51","threshold":8000,"enable":true},{"token":"8db269c3ec630e06ae29f74bc39edd1f87c819f1056206e879a1cd61.446a65644d6963726f555344","threshold":8000,"enable":true},{"token":"94dca24a1f1fcc2ff51cd90f32f4fe9e786d861a2dbf7d27598d26e8.03138e523f4c919472b493f0e3432264cc7faed01ef3fb6bb4987281","threshold":6000,"enable":true},{"token":"94dca24a1f1fcc2ff51cd90f32f4fe9e786d861a2dbf7d27598d26e8.134ab43b73bd6f5ae70534fe51194ad62618d39a539830ecef4f8e19","threshold":8000,"enable":true},{"token":"94dca24a1f1fcc2ff51cd90f32f4fe9e786d861a2dbf7d27598d26e8.18e8d03ef4d8ab3c408551378040ae6a8dd1bb437023858bf4994df7","threshold":6000,"enable":true},{"token":"94dca24a1f1fcc2ff51cd90f32f4fe9e786d861a2dbf7d27598d26e8.2212068512d00ba78800e493bce47121d492043c864d896ea9f5ad5c","threshold":8000,"enable":true},{"token":"94dca24a1f1fcc2ff51cd90f32f4fe9e786d861a2dbf7d27598d26e8.2d94b144d91520d0de771f6c3449d5cff8f0373c472dae2b9851a8c2","threshold":8000,"enable":true},{"token":"94dca24a1f1fcc2ff51cd90f32f4fe9e786d861a2dbf7d27598d26e8.2e614ed06d9ab2b693f108251c6df8d5e37cae81ffce99a4cf0a781f","threshold":6000,"enable":true},{"token":"94dca24a1f1fcc2ff51cd90f32f4fe9e786d861a2dbf7d27598d26e8.34d8725885174384ff7cd92e8b0b7a1d71a12550c9d61360ad4cf43c","threshold":6000,"enable":true},{"token":"94dca24a1f1fcc2ff51cd90f32f4fe9e786d861a2dbf7d27598d26e8.3cfdbb46c8359e7f5e56d48a330cf85fc38eef19c83730198bc0dcbb","threshold":6000,"enable":true},{"token":"94dca24a1f1fcc2ff51cd90f32f4fe9e786d861a2dbf7d27598d26e8.45af09272aeaf60d2215ce33daa6d2bc3ced61e5b59be434d21cd2e8","threshold":6000,"enable":true},{"token":"94dca24a1f1fcc2ff51cd90f32f4fe9e786d861a2dbf7d27598d26e8.4c56da0af61dfca72b32de9fc0c44ecdd248932e69ce267d62b7ddc1","threshold":6000,"enable":true},{"token":"94dca24a1f1fcc2ff51cd90f32f4fe9e786d861a2dbf7d27598d26e8.6487e97f20fba709c9edf5da2b72ad2a120ab4c5c38fe381fb76b25d","threshold":6000,"enable":true},{"token":"94dca24a1f1fcc2ff51cd90f32f4fe9e786d861a2dbf7d27598d26e8.7553c4258a557314d787908085e67fb50f7d6f8f6ff6e0d1c9b9306b","threshold":8000,"enable":true},{"token":"94dca24a1f1fcc2ff51cd90f32f4fe9e786d861a2dbf7d27598d26e8.83b8a0a2074061394fddfe9aebee6fab4924dd73ec1326162f453dc9","threshold":6000,"enable":true},{"token":"94dca24a1f1fcc2ff51cd90f32f4fe9e786d861a2dbf7d27598d26e8.9c00007e09c95cc0c282fad790760cfbf33495c3161a77b4c87cfaed","threshold":6000,"enable":true},{"token":"94dca24a1f1fcc2ff51cd90f32f4fe9e786d861a2dbf7d27598d26e8.a1bc0130b1eb217e58c2b40f4e6ed7647af5c71157466bd6a0dbb85c","threshold":6000,"enable":true},{"token":"94dca24a1f1fcc2ff51cd90f32f4fe9e786d861a2dbf7d27598d26e8.a90873033a7449a360ab4a9b07b7262cad46a54031d09d784cf01127","threshold":8000,"enable":true},{"token":"94dca24a1f1fcc2ff51cd90f32f4fe9e786d861a2dbf7d27598d26e8.b96f6167426d625b8975c0437966745c9240e6488517b2b2f44bc7c7","threshold":8000,"enable":true},{"token":"94dca24a1f1fcc2ff51cd90f32f4fe9e786d861a2dbf7d27598d26e8.eac93ffee36e1c544e9a1eff8aff1a8e4da748f42be54b4b0e2fbb6c","threshold":6000,"enable":true},{"token":"94dca24a1f1fcc2ff51cd90f32f4fe9e786d861a2dbf7d27598d26e8.f04403181fbd051edd971af67b85f6c6fe1d9d98949a80b9f3803a14","threshold":8000,"enable":true},{"token":"95a427e384527065f2f8946f5e86320d0117839a5e98ea2c0b55fb00.48554e54","threshold":6000,"enable":true},{"token":"9e00df0615de0a7b121a7f961d43e23165b8e81b64786c6eb708d370","threshold":8000,"enable":true},{"token":"a04ce7a52545e5e33c2867e148898d9e667a69602285f6a1298f9d68","threshold":8000,"enable":true},{"token":"aa280c98c5b07fdfc8d7a93fb5ba84510b421388e4a18e16efa8eb5f","threshold":8000,"enable":true},{"token":"aebcb6eaba17dea962008a9d693e39a3160b02b5b89b1c83e537c599","threshold":8000,"enable":true},{"token":"c48cbb3d5e57ed56e276bc45f99ab39abe94e6cd7ac39fb402da47ad.0014df105553444d","threshold":8000,"enable":true},{"token":"da8c30857834c6ae7203935b89278c532b3995245295456f993e1d24.4c51","threshold":6000,"enable":true},{"token":"dd83cb88459772bd3c4bd2afd55bf005832be922ff13df5422289a94.555344435f4144415f4c51","threshold":8000,"enable":true},{"token":"e29b474dccd09382fb0c93458995fffee6e6bb3285fb4c0bae01e216.0014df105553444d5f4144415f4c51","threshold":8000,"enable":true},{"token":"ececc92aeaaac1f5b665f567b01baec8bc2771804b4c21716a87a4e3.53504c415348","threshold":6000,"enable":true},{"token":"f13ac4d66b3ee19a6aa0f2a22298737bd907cc95121662fc971b5275.535452494b45","threshold":6000,"enable":true},{"token":"f5808c2c990d86da54bfc97d89cee6efa20cd8461616359478d96b4c.3cb4b74763277162c3d4548c2af1829b79c41e2dd1ac7560504cbd5e82b1e971","threshold":8000,"enable":true},{"token":"f5808c2c990d86da54bfc97d89cee6efa20cd8461616359478d96b4c.478773ab4e6f800e72e4210a80adc5b086eb6f42bf493591dbdcec4ae9a692f7","threshold":8000,"enable":true},{"token":"f5808c2c990d86da54bfc97d89cee6efa20cd8461616359478d96b4c.55058d3f832e6bb577ca8bb354c0c736dc4ca4e80798a82c17a956ee278872d3","threshold":8000,"enable":true},{"token":"f5808c2c990d86da54bfc97d89cee6efa20cd8461616359478d96b4c.7dd6988c5a86693c76aeec1ea94afa41770be0de21a775ca7a2a1eabdb6a0171","threshold":8000,"enable":true},{"token":"f5808c2c990d86da54bfc97d89cee6efa20cd8461616359478d96b4c.a939812d08cfb6066e17d2914a7272c6b8c0197acdf68157d02c73649cc3efc0","threshold":8000,"enable":true},{"token":"f5808c2c990d86da54bfc97d89cee6efa20cd8461616359478d96b4c.ee5cfbc5b0dc10c873a0bcc69e49b9af21b899f59337a894874c6b596c2da136","threshold":8000,"enable":true},{"token":"f6099832f9563e4cf59602b3351c3c5a8a7dda2d44575ef69b82cf8d","threshold":6000,"enable":true},{"token":"f72166e9fac8297aeb553c19ffab14f51ae271c2cb26783ba289a3a5","threshold":8000,"enable":true},{"token":"fe7c786ab321f41c654ef6c1af7b3250a613c24e4213e0425a7ae456.55534441","threshold":8000,"enable":true}]
... A21: f6099832f9563e4cf59602b3351c3c5a8a7dda2d44575ef69b82cf8d | B21: [{"token":"","threshold":8000,"enable":true},{"token":"09f4212b4f1c4a2d1300866e8decec795abb8eb8bbdc34d2d66384fd.555344545f4144415f4c51","threshold":8000,"enable":true},{"token":"0a0a692605bed9e698a172a35adbdb70a04b40273c9043e1c4e4570a.0014efbfbd105553444d5f4144415f4c51","threshold":8000,"enable":true},{"token":"0d91892d31eef2398d66e771a03feea04ca17cd26655c2cc1550514a.555344415f4144415f4c51","threshold":8000,"enable":true},{"token":"25c5de5f5b286073c593edfd77b48abc7a48e5a4f3d4cd9d428ff935.425443","threshold":8000,"enable":true},{"token":"25c5de5f5b286073c593edfd77b48abc7a48e5a4f3d4cd9d428ff935.55534443","threshold":8000,"enable":true},{"token":"25c5de5f5b286073c593edfd77b48abc7a48e5a4f3d4cd9d428ff935.55534454","threshold":8000,"enable":true},{"token":"279c909f348e533da5808898f87f9a14bb2c3dfbbacccd631d927a3f.534e454b","threshold":6000,"enable":true},{"token":"2852268cf6e2db42e20f2fd3125f541e5d6c5a3d70b4dda17c2daa82","threshold":6000,"enable":true},{"token":"29d222ce763455e3d7a09a665ce554f00ac89d2e99a1a83d267170c6.4d494e","threshold":6000,"enable":true},{"token":"2d9db8a89f074aa045eab177f23a3395f62ced8b53499a9e4ad46c80.464c4f57","threshold":6000,"enable":true},{"token":"4cf6a914372155ec78f6643141e280d38e3bae4ffbf623765efce3de.4254435f4144415f4c51","threshold":8000,"enable":true},{"token":"533bb94a8850ee3ccbe483106489399112b74c905342cb1792a797a0.494e4459","threshold":6000,"enable":true},{"token":"577f0b1342f8f8f4aed3388b80a8535812950c7a892495c0ecdf0f1e.0014df10464c4454","threshold":6000,"enable":true},{"token":"5d16cc1a177b5d9ba9cfa9793b07e60f1fb70fea1f8aef064415d114.494147","threshold":6000,"enable":true},{"token":"5deab590a137066fef0e56f06ef1b830f21bc5d544661ba570bdd2ae.424f44454741","threshold":6000,"enable":true},{"token":"6df63e2fdde8b2c3b3396265b0cc824aa4fb999396b1c154280f6b0c","threshold":8000,"enable":true},{"token":"6ebaa7305f90791b9fae1c0bbbc9a3a1820088b621e95193df396772.4254435f4144415f4c51","threshold":8000,"enable":true},{"token":"7a4d45e6b4e6835c4cea3968f291fab3704949cfd2f2dc1997c4eeec","threshold":8000,"enable":true},{"token":"7b7976222e874b1ac7c34fc5a56563203f7562fb217068242f7f5059.446a65644d6963726f5553445f4144415f4c51","threshold":8000,"enable":true},{"token":"8db269c3ec630e06ae29f74bc39edd1f87c819f1056206e879a1cd61.446a65644d6963726f555344","threshold":8000,"enable":true},{"token":"94dca24a1f1fcc2ff51cd90f32f4fe9e786d861a2dbf7d27598d26e8.03138e523f4c919472b493f0e3432264cc7faed01ef3fb6bb4987281","threshold":6000,"enable":true},{"token":"94dca24a1f1fcc2ff51cd90f32f4fe9e786d861a2dbf7d27598d26e8.134ab43b73bd6f5ae70534fe51194ad62618d39a539830ecef4f8e19","threshold":8000,"enable":true},{"token":"94dca24a1f1fcc2ff51cd90f32f4fe9e786d861a2dbf7d27598d26e8.18e8d03ef4d8ab3c408551378040ae6a8dd1bb437023858bf4994df7","threshold":6000,"enable":true},{"token":"94dca24a1f1fcc2ff51cd90f32f4fe9e786d861a2dbf7d27598d26e8.2212068512d00ba78800e493bce47121d492043c864d896ea9f5ad5c","threshold":8000,"enable":true},{"token":"94dca24a1f1fcc2ff51cd90f32f4fe9e786d861a2dbf7d27598d26e8.251d5ccb51543f3647b344d4a4c8f2df5bff9d164854e3e7fe4b1711","threshold":6000,"enable":true},{"token":"94dca24a1f1fcc2ff51cd90f32f4fe9e786d861a2dbf7d27598d26e8.2d94b144d91520d0de771f6c3449d5cff8f0373c472dae2b9851a8c2","threshold":8000,"enable":true},{"token":"94dca24a1f1fcc2ff51cd90f32f4fe9e786d861a2dbf7d27598d26e8.2e614ed06d9ab2b693f108251c6df8d5e37cae81ffce99a4cf0a781f","threshold":6000,"enable":true},{"token":"94dca24a1f1fcc2ff51cd90f32f4fe9e786d861a2dbf7d27598d26e8.34d8725885174384ff7cd92e8b0b7a1d71a12550c9d61360ad4cf43c","threshold":6000,"enable":true},{"token":"94dca24a1f1fcc2ff51cd90f32f4fe9e786d861a2dbf7d27598d26e8.3cfdbb46c8359e7f5e56d48a330cf85fc38eef19c83730198bc0dcbb","threshold":6000,"enable":true},{"token":"94dca24a1f1fcc2ff51cd90f32f4fe9e786d861a2dbf7d27598d26e8.45af09272aeaf60d2215ce33daa6d2bc3ced61e5b59be434d21cd2e8","threshold":6000,"enable":true},{"token":"94dca24a1f1fcc2ff51cd90f32f4fe9e786d861a2dbf7d27598d26e8.4c56da0af61dfca72b32de9fc0c44ecdd248932e69ce267d62b7ddc1","threshold":6000,"enable":true},{"token":"94dca24a1f1fcc2ff51cd90f32f4fe9e786d861a2dbf7d27598d26e8.6487e97f20fba709c9edf5da2b72ad2a120ab4c5c38fe381fb76b25d","threshold":6000,"enable":true},{"token":"94dca24a1f1fcc2ff51cd90f32f4fe9e786d861a2dbf7d27598d26e8.7553c4258a557314d787908085e67fb50f7d6f8f6ff6e0d1c9b9306b","threshold":8000,"enable":true},{"token":"94dca24a1f1fcc2ff51cd90f32f4fe9e786d861a2dbf7d27598d26e8.83b8a0a2074061394fddfe9aebee6fab4924dd73ec1326162f453dc9","threshold":6000,"enable":true},{"token":"94dca24a1f1fcc2ff51cd90f32f4fe9e786d861a2dbf7d27598d26e8.9c00007e09c95cc0c282fad790760cfbf33495c3161a77b4c87cfaed","threshold":6000,"enable":true},{"token":"94dca24a1f1fcc2ff51cd90f32f4fe9e786d861a2dbf7d27598d26e8.a1bc0130b1eb217e58c2b40f4e6ed7647af5c71157466bd6a0dbb85c","threshold":6000,"enable":true},{"token":"94dca24a1f1fcc2ff51cd90f32f4fe9e786d861a2dbf7d27598d26e8.a90873033a7449a360ab4a9b07b7262cad46a54031d09d784cf01127","threshold":8000,"enable":true},{"token":"94dca24a1f1fcc2ff51cd90f32f4fe9e786d861a2dbf7d27598d26e8.b96f6167426d625b8975c0437966745c9240e6488517b2b2f44bc7c7","threshold":8000,"enable":true},{"token":"94dca24a1f1fcc2ff51cd90f32f4fe9e786d861a2dbf7d27598d26e8.f04403181fbd051edd971af67b85f6c6fe1d9d98949a80b9f3803a14","threshold":8000,"enable":true},{"token":"95a427e384527065f2f8946f5e86320d0117839a5e98ea2c0b55fb00.48554e54","threshold":6000,"enable":true},{"token":"9e00df0615de0a7b121a7f961d43e23165b8e81b64786c6eb708d370","threshold":8000,"enable":true},{"token":"a04ce7a52545e5e33c2867e148898d9e667a69602285f6a1298f9d68","threshold":8000,"enable":true},{"token":"a4430a085f45bca6399bec6bd7514eb8c2fce1ed75c7554739cfc32b","threshold":6000,"enable":true},{"token":"aa280c98c5b07fdfc8d7a93fb5ba84510b421388e4a18e16efa8eb5f","threshold":8000,"enable":true},{"token":"aebcb6eaba17dea962008a9d693e39a3160b02b5b89b1c83e537c599","threshold":8000,"enable":true},{"token":"c48cbb3d5e57ed56e276bc45f99ab39abe94e6cd7ac39fb402da47ad.0014df105553444d","threshold":8000,"enable":true},{"token":"da8c30857834c6ae7203935b89278c532b3995245295456f993e1d24.4c51","threshold":6000,"enable":true},{"token":"dd83cb88459772bd3c4bd2afd55bf005832be922ff13df5422289a94.555344435f4144415f4c51","threshold":8000,"enable":true},{"token":"e29b474dccd09382fb0c93458995fffee6e6bb3285fb4c0bae01e216.0014df105553444d5f4144415f4c51","threshold":8000,"enable":true},{"token":"ececc92aeaaac1f5b665f567b01baec8bc2771804b4c21716a87a4e3.53504c415348","threshold":6000,"enable":true},{"token":"f13ac4d66b3ee19a6aa0f2a22298737bd907cc95121662fc971b5275.535452494b45","threshold":6000,"enable":true},{"token":"f5808c2c990d86da54bfc97d89cee6efa20cd8461616359478d96b4c.3cb4b74763277162c3d4548c2af1829b79c41e2dd1ac7560504cbd5e82b1e971","threshold":8000,"enable":true},{"token":"f5808c2c990d86da54bfc97d89cee6efa20cd8461616359478d96b4c.478773ab4e6f800e72e4210a80adc5b086eb6f42bf493591dbdcec4ae9a692f7","threshold":8000,"enable":true},{"token":"f5808c2c990d86da54bfc97d89cee6efa20cd8461616359478d96b4c.55058d3f832e6bb577ca8bb354c0c736dc4ca4e80798a82c17a956ee278872d3","threshold":8000,"enable":true},{"token":"f5808c2c990d86da54bfc97d89cee6efa20cd8461616359478d96b4c.7dd6988c5a86693c76aeec1ea94afa41770be0de21a775ca7a2a1eabdb6a0171","threshold":8000,"enable":true},{"token":"f5808c2c990d86da54bfc97d89cee6efa20cd8461616359478d96b4c.a939812d08cfb6066e17d2914a7272c6b8c0197acdf68157d02c73649cc3efc0","threshold":8000,"enable":true},{"token":"f5808c2c990d86da54bfc97d89cee6efa20cd8461616359478d96b4c.ee5cfbc5b0dc10c873a0bcc69e49b9af21b899f59337a894874c6b596c2da136","threshold":8000,"enable":true},{"token":"f72166e9fac8297aeb553c19ffab14f51ae271c2cb26783ba289a3a5","threshold":8000,"enable":true},{"token":"fe7c786ab321f41c654ef6c1af7b3250a613c24e4213e0425a7ae456.55534441","threshold":8000,"enable":true}]
